title,artist,track_id
Flowers,Miley Cyrus,NOT_FOUND
Cupid - Twin Ver.,FIFTY FIFTY,NOT_FOUND
BESO,ROSALÍA,NOT_FOUND
Boy's a liar Pt. 2,PinkPantheress,NOT_FOUND
Creepin' (with The Weeknd & 21 Savage),Metro Boomin,NOT_FOUND
Daylight,David Kushner,NOT_FOUND
TQG,KAROL G,NOT_FOUND
Calm Down (with Selena Gomez),Rema,0WtM2NBVQNNJLh6scP13H8
Anti-Hero,Taylor Swift,NOT_FOUND
Here With Me,d4vd,NOT_FOUND
I'm Good (Blue),David Guetta,4uUG5RXrOk84mYEfFvj3cK
Kill Bill,SZA,NOT_FOUND
Die For You - Remix,The Weeknd,NOT_FOUND
I Ain't Worried,OneRepublic,4h9wh7iOZ0GGn8QVp4RAOB
Quevedo: Bzrp Music Sessions Vol. 52,Bizarrap,NOT_FOUND
Starboy,The Weeknd,7MXVkk9YMctZqd1Srtv4MB
Until I Found You (with Em Beihold) - Em Beihold Version,Stephen Sanchez,1Y3LN4zO1Edc2EluIoSPJN
Another Love,Tom Odell,7otCGmgp9h4CsR2LhwB6gt
As It Was,Harry Styles,4LRPiXqCikLlN15c3yImP7
Blinding Lights,The Weeknd,0VjIjW4GlUZAMYd2vXMi3b
Me Porto Bonito,Bad Bunny,6Sq7ltF9Qa7SNFBsV5Cogx
Mockingbird,Eminem,561jH07mF1jHuk7KlaeF0s
Players,Coi Leray,NOT_FOUND
Cruel Summer,Taylor Swift,1BxfuPKGuaTgP7aM0Bbdwr
Escapism.,RAYE,NOT_FOUND
Ojitos Lindos,Bad Bunny,3k3NWokhRRkEPhCzPmV8TW
Search & Rescue,Drake,NOT_FOUND
Sure Thing,Miguel,0JXXNGljqupsJaZsgSbMZV
Sweater Weather,The Neighbourhood,2QjOHCTQ1Jl3zawyYOpxh6
Unholy (feat. Kim Petras),Sam Smith,3nqQXoyQOWXiESFLlDF1hG
All Of The Girls You Loved Before,Taylor Swift,NOT_FOUND
Dandelions,Ruth B.,2eAvDnpXP5W0cVtiI0PUxV
Ditto,NewJeans,NOT_FOUND
Efecto,Bad Bunny,5Eax0qFko2dh7Rl2lYs3bx
golden hour,JVKE,5odlY52u43F5BjByhxg7wg
Heat Waves,Glass Animals,6CDzDgIUqeDY5g8ujExx2f
La Bachata,Manuel Turizo,5ww2BF9slyYgNOk37BlC4u
Last Night,Morgan Wallen,NOT_FOUND
lovely (with Khalid),Billie Eilish,0u2P5u6lvoDfwTYjAADbn4
Made You Look,Meghan Trainor,NOT_FOUND
Nonsense,Sabrina Carpenter,NOT_FOUND
Perfect,Ed Sheeran,0tgVpDi06FyKpA1z0VMD4v
Rich Flex,Drake,NOT_FOUND
Tití Me Preguntó,Bad Bunny,1IHWl5LamUGEuP4ozKQSXZ
Watermelon Sugar,Harry Styles,6UelLqGlWMcVH1E5c4H7lY
Without Me,Eminem,7lQ8MOhq6IN2w8EYcFNSUk
Yandel 150,Yandel,NOT_FOUND
Yellow,Coldplay,3AJwUDP919kvQ9QcozQPxg
Call Out My Name,The Weeknd,09mEdoA6zrmBPgTEN5qXmN
Do I Wanna Know?,Arctic Monkeys,5FVd6KXrgO9B3JPmC8OPst
Double Fantasy (with Future),The Weeknd,NOT_FOUND
Eyes Closed,Ed Sheeran,NOT_FOUND
Late Night Talking,Harry Styles,NOT_FOUND
Lavender Haze,Taylor Swift,NOT_FOUND
Never Felt So Alone,Labrinth,NOT_FOUND
Night Changes,One Direction,5O2P9iiztwhomNh8xkR9lJ
Save Your Tears,The Weeknd,5QO79kh1waicV47BqGRL3g
Someone You Loved,Lewis Capaldi,7qEHsqek33rTcFNT9PFqLf
The Real Slim Shady,Eminem,3yfqSUWxFvZELEM4PmlwIR
When I Was Your Man,Bruno Mars,0nJW01T7XtvILxQgC5J7Wh
Blank Space,Taylor Swift,1p80LdxRV74UKvL8gnD7ky
Circles,Post Malone,21jGcNKet2qwijlDFuPiPb
Ghost,Justin Bieber,6I3mqTwhRpn34SLVafSH7G
Heather,Conan Gray,4xqrdfXkTW4T0RauPLv3WA
I Love You So,The Walters,1175r6ZmkUjX8dRJLz9Ohk
Locked out of Heaven,Bruno Mars,3w3y8KPTfNeOKPiqUTakBh
Lover,Taylor Swift,1dGr1c8CrMLDpV6mPbImSI
Moscow Mule,Bad Bunny,6Xom58OOXk2SoU711L2IXO
One Dance,Drake,5ZKG94fnjiuMH5yrC5S9lS
One Kiss (with Dua Lipa),Calvin Harris,7ef4DlsgrMEH11cDZd32M6
Pink + White,Frank Ocean,3xKsf9qdS1CyvXSMEid6g8
Shape of You,Ed Sheeran,7qiZfU4dY1lWllzX7mPBI3
Shivers,Ed Sheeran,1euRAecw6xEwkt6lPXMbFP
The Hills,The Weeknd,7fBv7CLKzipRk6EC6TWHOB
Viva La Vida,Coldplay,1mea3bSkSGXuIRvnydlB5b
Why'd You Only Call Me When You're High?,Arctic Monkeys,086myS9r57YsLbJpU0TgK9
Bad Habits,Ed Sheeran,3rmo8F54jFF8OgYsqTxm5d
Happier Than Ever,Billie Eilish,1SWliBgqzayYYnvmxwbouX
Heartless,Kanye West,4EWCNWgDS8707fNSZ1oaA5
Heaven,Niall Horan,NOT_FOUND
I'm Not The Only One,Sam Smith,7795WJLVKJoAyVoOtCWqXN
In the End,Linkin Park,60a0Rd6pjrkxjPbaKzXjfq
La Jumpa,Arcángel,NOT_FOUND
LET GO,Central Cee,NOT_FOUND
MIDDLE OF THE NIGHT,Elley Duhé,58HvfVOeJY7lUuCqF0m3ly
Mr. Brightside,The Killers,7oK9VyNzrYvRFo7nQEYkWN
Numb,Linkin Park,2nLtzopw4rPReszdYBJU6h
Photograph,Ed Sheeran,6fxVffaTuwjgEk5h9QyRjy
Say You Won't Let Go,James Arthur,5uCax9HTNlzGybIStD3vDh
Something Just Like This,The Chainsmokers,6RUKPb4LETWmmr3iAEQktW
Somewhere Only We Know,Keane,0ll8uFnc0nANY35E0Lfxvg
STAY (with Justin Bieber),The Kid LAROI,5HCyWlXZPP0y6Gqq8TgA20
Stressed Out,Twenty One Pilots,3CRDbSIZ4r5MsZ0YwxuEkn
Style,Taylor Swift,4lIxdJw6W3Fg4vUIYCB0S5
The Nights,Avicii,0ct6r3EGTcMLPtrXHDvVjc
Thunder,Imagine Dragons,1zB4vmk8tFRmM9UULNzbLB
traitor,Olivia Rodrigo,5CZ40GBx1sQ9agT82CLQCT
Wake Me Up,Avicii,0nrRP2bk19rLc0orkWPQk2
Where Are You Now,Lost Frequencies,3uUuGVFu1V7jTQL60S1r8z
Woman,Doja Cat,6Uj1ctrBOjOas8xZXGqKk4
7 rings,Ariana Grande,6ocbgoVGwYJhOv1GgI9NsF
A Sky Full of Stars,Coldplay,0FDzzruyVECATHXKHFs9eJ
Adore You,Harry Styles,3jjujdWJ72nww5eGnfs2E7
All of Me,John Legend,3U4isOIWM3VvDubwSI3y7a
Before You Go,Lewis Capaldi,7ce20yLkzuXXLUhzIDoZih
Beggin',Måneskin,3Wrjm47oTz2sjIgck11l5e
Closer,The Chainsmokers,7BKLCZ1jbUBVqRi2FVlTVw
Cold Heart - PNAU Remix,Elton John,6JIC3hbC28JZKZ8AlAqX8h
Counting Stars,OneRepublic,6sy3LkhNFjJWlaeSMNwQ62
Daddy Issues,The Neighbourhood,5E30LdtzQTGqRvNd7l6kG5
deja vu,Olivia Rodrigo,6HU7h9RYOaPRFeh0R3UeAr
Demons,Imagine Dragons,3LlAyCYU26dvFZBDUIMb7a
drivers license,Olivia Rodrigo,5wANPM4fQCJwkGd4rN57mH
everything i wanted,Billie Eilish,3ZCTVFBt2Brf31RLEnCkWJ
Fair Trade (with Travis Scott),Drake,40iJIUlhi6renaREYGeIDS
Flashing Lights,Kanye West,2QK4nswjBvmwBXTOLFodDA
FLOWER,JISOO,NOT_FOUND
Glimpse of Us,Joji,6xGruZOHLs39ZbVccQTuPZ
God's Plan,Drake,6DCZcSspjsKoFjzjrWoCdn
good 4 u,Olivia Rodrigo,4ZtFanR9U6ndgddUvNcjcG
goosebumps,Travis Scott,2SzjMcZIsE2zUWQnccsTAo
Hips Don't Lie (feat. Wyclef Jean),Shakira,NOT_FOUND
HUMBLE.,Kendrick Lamar,7KXjTSCq5nL1LoYtL7XAwS
Kill Bill (feat. Doja Cat),SZA,NOT_FOUND
Let Me Down Slowly,Alec Benjamin,2qxmye6gAegTMjLKEBoR3d
Lost,Frank Ocean,3GZD6HmiNUhxXYf8Gch723
Love On The Brain,Rihanna,5oO3drDxtziYU2H1X23ZIp
Ni**as In Paris,JAY-Z,NOT_FOUND
Nobody Gets Me,SZA,NOT_FOUND
rockstar (feat. 21 Savage),Post Malone,NOT_FOUND
Running Up That Hill (A Deal With God),Kate Bush,75FEaRjZTKLhTrFGsfMUXR
Set Fire to the Rain,Adele,3CKCZ9pfwAfoMZlMncA1Nc
Seven Nation Army,The White Stripes,3dPQuX8Gs42Y7b454ybpMR
Shallow,Lady Gaga,2VxeLyX666F8uXCJ0dZF8B
STAY (with Justin Bieber),The Kid LAROI,5HCyWlXZPP0y6Gqq8TgA20
telepatía,Kali Uchis,2uhGo14x2bQdnx8YBU9NGq
That's What I Like,Bruno Mars,0KKkJNfGyhkQ5aFogxQAPU
The Less I Know The Better,Tame Impala,6K4t31amVTZDgR3sKmwUJJ
The Scientist,Coldplay,75JFxkI2RXiU7L9VXzMkle
Till I Collapse,Eminem,4xkOaSrkexMciUUogZKVTS
Too Good At Goodbyes,Sam Smith,3VlbOrM6nYPprVvzBZllE5
Treat You Better,Shawn Mendes,3QGsuHI8jO1Rx4JWLUh9jd
Una Noche en Medellín,Cris Mj,NOT_FOUND
Until I Found You,Stephen Sanchez,0T5iIrXA4p5GsubkhuBIKV
What Makes You Beautiful,One Direction,4cluDES4hQEUhmXj6TXkSo
All The Stars (with SZA),Kendrick Lamar,3GCdLUSnKSMJhs4Tj6CV3s
All Too Well (10 Minute Version) (Taylor's Version) (From The Vault),Taylor Swift,NOT_FOUND
Belly Dancer,Imanbek,7fZBQnc0zXwVybgCIrQQil
Feel Good Inc.,Gorillaz,0d28khcov6AiegSCpG5TuT
Fix You,Coldplay,7LVHVU3tWfcxj5aiPFEW4Q
happier,Olivia Rodrigo,2tGvwE8GcFKwNdAXMnlbfl
Hymn for the Weekend,Coldplay,3RiPr603aXAoi4GHyXx0uy
Let Me Love You,DJ Snake,0lYBSQXN6rCTvUZvg9S0lU
Levitating (feat. DaBaby),Dua Lipa,5nujrmhLynf4yMoMtj8AQF
Lost in the Fire (feat. The Weeknd),Gesaffelstein,2vXKRlJBXyOcvZYTdNeckS
Love Yourself,Justin Bieber,50kpGaPAhYJ3sGmk6vplg0
LOVE. FEAT. ZACARI.,Kendrick Lamar,NOT_FOUND
Lucid Dreams,Juice WRLD,285pBltuF7vW8TeWk8hdRR
Maps,Maroon 5,4gbVRS8gloEluzf0GzDOFc
One Last Time,Ariana Grande,7xoUc6faLbCqZO6fQEYprd
Only Love Can Hurt Like This,Paloma Faith,62ke5zFUJN6RvtXZgVH0F8
Paradise,Coldplay,6nek1Nin9q48AVZcWs9e9D
Passionfruit,Drake,5mCPDVBb16L4XQwDdbRUpz
Payphone,Maroon 5,1XGmzt0PVuFgQYYnV2It7A
Promiscuous,Nelly Furtado,4LMJPzr4j5pc8JREHRYQHO
Redbone,Childish Gambino,0wXuerDYiBnERgIpbb3JBR
Riptide,Vance Joy,3JvrhDOgAt6p7K8mDyZwRd
Shake It Off,Taylor Swift,5xTtaWoae3wi06K5WfVUUH
Shut Up and Dance,WALK THE MOON,4kbj5MwxO1bq9wjT5g9HaA
SICKO MODE,Travis Scott,2xLMifQCjDGFmkHkpNLD9h
Stan,Eminem,3UmaczJpikHgJFyBTAJVoz
Stay With Me,Sam Smith,5Nm9ERjJZ5oyfXZTECKmRt
Take Me To Church,Hozier,1CS7Sd1u5tWkstBhpssyjP
Thinking out Loud,Ed Sheeran,1Slwb6dOYkBlWal1PGtnNg
Umbrella,Rihanna,NOT_FOUND
We Found Love,Rihanna,NOT_FOUND
when the party's over,Billie Eilish,43zdsphuZLzwA9k4DJhU0I
Yonaguni,Bad Bunny,2JPLbjOn0wPCngEot2STUS
abcdefu,GAYLE,4fouWK6XVHhzl78KzQ1UjL
bad guy,Billie Eilish,2Fxmhks0bxGSBdJ92vM42m
Bad Romance,Lady Gaga,0SiywuOBRcynK0uKGWdCnn
Bored,Billie Eilish,04sN26COy28wTXYj3dMoiZ
Bring Me To Life,Evanescence,0COqiPhxzoWICwFCS4eZcp
Can't Feel My Face,The Weeknd,22VdIZQfgXJea34mQxlt81
Delicate,Taylor Swift,6NFyWDv5CjfwuzoCkw47Xf
Doin' Time,Lana Del Rey,0Oqc0kKFsQ6MhFOLBNZIGX
Don't,Bryson Tiller,3pXF1nA74528Edde4of9CC
EARFQUAKE,Tyler, The Creator,NOT_FOUND
Easy On Me,Adele,0gplL1WMoJ6iYaPgMCL0gX
Empire State Of Mind,JAY-Z,NOT_FOUND
Give Me Everything (feat. Ne-Yo, Afrojack & Nayer),Pitbull,NOT_FOUND
Godzilla (feat. Juice WRLD),Eminem,7FIWs0pqAYbP91WWM0vlTQ
22,Taylor Swift,3bIxTsfeNMO7Nt2J3EUKrA
Happier,Marshmello,2dpaYNEQHiRxtZbfNsse99
Hey, Soul Sister,Train,NOT_FOUND
HIGHEST IN THE ROOM,Travis Scott,3eekarcy7kvN4yt5ZFzltW
I WANNA BE YOUR SLAVE,Måneskin,4pt5fDVTg5GhEvEtlz9dKk
In Da Club,50 Cent,4RY96Asd9IefaL3X4LOLZ8
In Ha Mood,Ice Spice,NOT_FOUND
Infinity,Jaymes Young,1SOClUWhOi8vHZYMz3GluK
Jocelyn Flores,XXXTENTACION,7m9OqQk4RVRkw9JJdeAw96
Leave Before You Love Me (with Jonas Brothers),Marshmello,4qu63nuBpdn0qHUHuObEj1
Levitating,Dua Lipa,39LLxExYz6ewLAcYrzQQyP
Love The Way You Lie,Eminem,15JINEqzVMv3SvJTAXAKED
Maria Maria (feat. The Product G&B),Santana,3XKIUb7HzIF1Vu9usunMzc
Moonlight,XXXTENTACION,0JP9xo3adEtGSdUEISiszL
Needed Me,Rihanna,4pAl7FkDMNBsjykPXo91B3
Only Girl (In The World),Rihanna,2ENexcMEMsYk0rVJigVD3i
Party,Bad Bunny,4tYFy8ALRjIZvnvSLw5lxN
Peaches (feat. Daniel Caesar & Giveon),Justin Bieber,4iJyoBOLtHqaGxP12qzhQI
Pepas,Farruko,5fwSHlTEWpluwOM0Sxnh5k
positions,Ariana Grande,35mvY5S1H3J2QZyna3TFe0
PROVENZA,KAROL G,51R9caoQ0l5bZ1ahBeqJq9
Pumped Up Kicks,Foster The People,7w87IxuO7BDcJ3YUqCyMTT
Ric Flair Drip (with Metro Boomin),Offset,NOT_FOUND
Ride,Twenty One Pilots,2Z8WuEywRWYTKe1NybPQEW
Safe And Sound,Capital Cities,6Z8R6UsFuGXGtiIxiD8ISb
See You Again (feat. Charlie Puth),Wiz Khalifa,2JzZzZUQj3Qff7wapcbKjc
Story of My Life,One Direction,4nVBt6MZDDP6tRVdQTgxJg
Summer,Calvin Harris,6YUTL4dYpB9xZO5qExPf05
Sunflower - Spider-Man: Into the Spider-Verse,Post Malone,NOT_FOUND
Tarot,Bad Bunny,41oY4WCTj5kccfesTVFnvN
THATS WHAT I WANT,Lil Nas X,0e8nrvls4Qqv5Rfa2UhqmO
The Motto,Tiësto,0EpO6LZgIlxTUHE2e1ckCa
This Is What You Came For,Calvin Harris,0azC730Exh71aQlOt9Zj3y
Toxic,Britney Spears,6I9VzXrHxO9rA9A5euc8Ak
Unforgettable,French Montana,3B54sVLJ402zGa6Xm4YGNe
Uptown Funk (feat. Bruno Mars),Mark Ronson,32OlwWuMpZ6b0aN2RZOeMS
Waiting For Love,Avicii,2P4OICZRVAQcYAV2JReRfj
We Don't Talk Anymore (feat. Selena Gomez),Charlie Puth,06KyNuuMOX1ROXRhj787tj
we fell in love in october,girl in red,1BYZxKSf0aTxp8ZFoeyM3d
Yeah! (feat. Lil Jon & Ludacris),Usher,NOT_FOUND
7 Years,Lukas Graham,5kqIPrATaCc2LqxVWzQGbk
a lot,21 Savage,2t8yVaLvJ0RenpXUIAC52d
All The Small Things,blink-182,2m1hi0nfMR9vdGC8UcrnwU
Baby,Justin Bieber,6epn3r7S14KUqlReYr77hA
Better Now,Post Malone,7dt6x5M1jzdTEt8oCbisTK
Bruises,Lewis Capaldi,4Of7rzpRpV1mWRbhp5rAqG
Cake By The Ocean,DNCE,76hfruVvmfQbw0eYn1nmeC
Call Me Maybe,Carly Rae Jepsen,3TGRqZ0a2l1LRblBkJoaDx
Can't Hold Us (feat. Ray Dalton),Macklemore & Ryan Lewis,NOT_FOUND
Can't Stop,Red Hot Chili Peppers,3ZOEytgrvLwQaqXreDs2Jx
Clocks,Coldplay,0BCPKOYdS2jbQ8iyB56Zns
Congratulations,Post Malone,NOT_FOUND
death bed (coffee for your head),Powfu,7eJMfftS33KTjuF7lTsMCx
Desesperados,Rauw Alejandro,6mmPpaltUZK7xjNlBPQQ0p
Don't Start Now,Dua Lipa,6WrI0LAC5M1Rw2MnX2ZvEg
Don't You Worry Child - Radio Edit,Swedish House Mafia,4e4DujMLh9227SuYdFsHK2
Dynamite,BTS,0t1kP63rueHleOhQkYSXFY
Enemy (with JID) - from the series Arcane League of Legends,Imagine Dragons,1r9xUipOqoNwggBpENDsvJ
Feel So Close - Radio Edit,Calvin Harris,1gihuPhrLraKYrJMAEONyc
First Class,Jack Harlow,5pZEThCuY84PiajfmeOJ3i
Gasolina,Daddy Yankee,6jEZLz3YpnEBRpVkv35AmP
Get Lucky (Radio Edit) [feat. Pharrell Williams and Nile Rodgers],Daft Punk,NOT_FOUND
Hate It Or Love It,The Game,NOT_FOUND
Heartbreak Anniversary,Giveon,3FAJ6O0NOHQV8Mc5Ri6ENp
Hey Ya!,Outkast,NOT_FOUND
I Gotta Feeling,Black Eyed Peas,4vp2J1l5RD4gMZwGFLfRAu
I Like Me Better,Lauv,2P91MQbaiQOfbiz9VqhqKQ
I Want It That Way,Backstreet Boys,47BBI51FKFwOMlIiX6m8ya
INDUSTRY BABY (feat. Jack Harlow),Lil Nas X,27NovPIUIRrOZoCHxABJwK
Just Give Me a Reason (feat. Nate Ruess),P!nk,NOT_FOUND
Leave The Door Open,Bruno Mars,1Fym4wXCqQDGSOdBPqKv9c
Lo Siento BB:/ (with Bad Bunny & Julieta Venegas),Tainy,4gzsuuZypVbxs0Af1LSZyB
Lose You To Love Me,Selena Gomez,4l0Mvzj72xxOpRrp6h8nHi
Love You Like A Love Song,Selena Gomez & The Scene,0laYHRpNTS6i8FXdupHkJ4
Mask Off,Future,0VgkVdmE4gld66l8iyGjgx
MIDDLE CHILD,J. Cole,2JvzF1RMd7lE3KmFlsyZD8
Mood (feat. iann dior),24kGoldn,4jPy3l0RUwlUI9T5XHBW2m
Moth To A Flame (with The Weeknd),Swedish House Mafia,0VO8gYVDSwM1Qdd2GsMoYK
Ms. Jackson,Outkast,0I3q5fE6wg7LIfHGngUTnV
My Universe,Coldplay,NOT_FOUND
My Universe,Coldplay,NOT_FOUND
No Lie,Sean Paul,48QmG1dfvMuYLxMPt7KSRA
Party In The U.S.A.,Miley Cyrus,5Q0Nhxo0l2bP3pNjpGJwV1
Rolling in the Deep,Adele,1CkvWZme3pRgbzaxZnTl5X
SAD!,XXXTENTACION,3ee8Jmje8o58CHK66QrVC2
Save Your Tears (with Ariana Grande) (Remix),The Weeknd,NOT_FOUND
Sex on Fire,Kings of Leon,0ntQJM78wzOLVeCUAW7Y45
Smack That,Akon,2kQuhkFX7uSVepCD3h29g5
Someone Like You,Adele,4kflIGfjdZJW4ot2ioixTB
Sorry,Justin Bieber,09CtPGIpYB4BrO8qb1RGsF
Stereo Hearts (feat. Adam Levine),Gym Class Heroes,0qOnSQQF0yzuPWsXrQ9paz
Streets,Doja Cat,60ynsPSSKe6O3sfwRnIBRf
Stronger,Kanye West,4fzsfWzRhPawzqhX8Qt9F3
Sugar,Maroon 5,2iuZJX9X9P0GKaE93xcPjk
thank u, next,Ariana Grande,NOT_FOUND
The Box,Roddy Ricch,0nbXyq5TXYPCO7pr3N8S4I
The Middle,Jimmy Eat World,6GG73Jik4jUlQCkKg9JuGO
The Reason,Hoobastank,77loZpT5Y5PRP1S451P9Yz
The Way I Are,Timbaland,NOT_FOUND
TiK ToK,Kesha,0HPD5WQqrq7wPWR7P7Dw1i
Timber (feat. Ke$ha),Pitbull,NOT_FOUND
Titanium (feat. Sia),David Guetta,0TDLuuLlV54CkRRUOahJb4
Whenever Wherever,Shakira,NOT_FOUND
Wow.,Post Malone,7xQAfvXzm3AkraOtGPWIZg
XO Tour Llif3,Lil Uzi Vert,7GX5flRQZVHRAGd6B4TmDO
Yes Indeed,Lil Baby,NOT_FOUND
You Right,Doja Cat,0k4d5YPDr1r7FX77VdqWez
A Thousand Years,Christina Perri,6lanRgr6wXibZr8KgzXxBl
About Damn Time,Lizzo,1PckUlxKqWQs3RlWXVBLw3
All I Want,Kodaline,0NlGoUyOJSuSHmngoibVAs
Alright,Kendrick Lamar,3iVcZ5G6tvkXZkZKlMpIUs
Animals,Maroon 5,2bL2gyO6kBdLkNSkxXNh6x
Bam Bam (feat. Ed Sheeran),Camila Cabello,0QBzMgT7NIeoCYy3sJCof1
Bitch Better Have My Money,Rihanna,0NTMtAO2BV4tnGvw9EgBVq
Candy Shop,50 Cent,NOT_FOUND
Chasing Cars,Snow Patrol,11bD1JtSjlIgKgZG2134DZ
Classic,MKTO,6FE2iI43OZnszFLuLtvvmg
Dancing On My Own,Calum Scott,2BOqDYLOJBiMOXShCV1neZ
Despacito,Luis Fonsi,6habFhsOp2NvshLv26DqMb
Dog Days Are Over,Florence + The Machine,1YLJVmuzeM2YSUkCCaTNUB
Don't Let Me Down,The Chainsmokers,1i1fxkWeaMmKEB4T7zqbzK
Don't Stop The Music,Rihanna,1Jo0Zg7XlrA6z0mFTZVdkn
Dynamite,Taio Cruz,1DqdF42leyFIzqNDv9CjId
Electric Love,BØRNS,2GiJYvgVaD2HtM8GqD9EgQ
Going Bad (feat. Drake),Meek Mill,NOT_FOUND
"Happy - From ""Despicable Me 2""",Pharrell Williams,NOT_FOUND
Heathens,Twenty One Pilots,6i0V12jOa3mr6uu4WYhUBr
Homecoming,Kanye West,NOT_FOUND
I Fall Apart,Post Malone,75ZvA4QfFiZvzhj2xkaWAh
I Feel It Coming,The Weeknd,5XCa3ygRyz2R9avSi0CYJI
If I Ain't Got You,Alicia Keys,3XVBdLihbNbxUwZosxcGuJ
I'm Yours,Jason Mraz,1EzrEOXmMH3G43AXT1y7pA
In the Name of Love,Martin Garrix,23L5CiUhw2jV1OIMwthR3S
It's My Life,Bon Jovi,0v1XpBHnsbkCn7iJ9Ucr1l
Kings & Queens,Ava Max,1InCpEliLCkWHOBdXW7XSx
Kiss Me More (feat. SZA),Doja Cat,748mdHapucXQri7IAO8yFK
LA NOCHE DE ANOCHE,Bad Bunny,2XIc1pqjXV3Cr2BQUGNBck
Let You Down,NF,52okn5MNA47tk87PeZJLEL
Levels - Radio Edit,Avicii,5UqCQaDshqbIk3pkhy4Pjg
Little Dark Age,MGMT,2Y0iGXY6m6immVb2ktbseM
Lose Yourself,Eminem,77Ft1RJngppZlq59B6uP0z
Love Me,Lil Wayne,NOT_FOUND
love nwantiti (ah ah ah),CKay,NOT_FOUND
Love Story (Taylor’s Version),Taylor Swift,NOT_FOUND
Low (feat. T-Pain),Flo Rida,NOT_FOUND
Maneater,Nelly Furtado,1M9uq2yCiOhsO6BFozo2OE
Mercy,Shawn Mendes,0AS63m1wHv9n4VVRizK6Hc
"Moves Like Jagger - Studio Recording From ""The Voice"" Performance",Maroon 5,NOT_FOUND
New Rules,Dua Lipa,2ekn2ttSfGqwhhate0LSR0
Not Afraid,Eminem,7Ie9W94M7OjPoZVV216Xus
Otherside,Red Hot Chili Peppers,64BbK9SFKH2jk86U3dGj2P
Outside (feat. Ellie Goulding),Calvin Harris,7MmG8p0F9N3C4AXdK6o6Eb
Poker Face,Lady Gaga,5R8dQOPq8haW94K7mgERlO
Ransom,Lil Tecca,1lOe9qE0vR9zwWQAOk6CoO
RAPSTAR,Polo G,NOT_FOUND
Reckless,Madison Beer,5ajjAnNRh8bxFvaVHzpPjh
Robbery,Juice WRLD,6Hj9jySrnFppAI0sEMCZpJ
Rude,MAGIC!,6RtPijgfPKROxEzTHNRiDp
S&M,Rihanna,7ySUcLPVX7KudhnmNcgY2D
Say It Right,Nelly Furtado,5AtFypwxB2ShXSxNj12dEd
Señorita,Shawn Mendes,0TK2YIli7K1leLovkQiNik
Silence,Marshmello,7vGuf3Y35N4wmASOKLUVVU
Stitches,Shawn Mendes,5jsw9uXEGuKyJzs0boZ1bT
Stolen Dance,Milky Chance,6vECYJHxYmm3Ydt3fF01pE
Stuck with U (with Justin Bieber),Ariana Grande,4HBZA5flZLE435QTztThqH
Sunshine,OneRepublic,0VBe5Wi5e0Gc3BD1MIos0i
Teenagers,My Chemical Romance,7j31rVgGX9Q2blT92VBEA0
The Next Episode,Dr. Dre,4LwU4Vp6od3Sb08CsP99GC
Time of Our Lives,Pitbull,NOT_FOUND
Treasure,Bruno Mars,55h7vJchibLdUkxdlX3fK7
Wait a Minute!,WILLOW,0y60itmpH0aPKsFiGxmtnh
Wannabe,Spice Girls,1Je1IMUlBXcx1Fz0WE7oPT
What I've Done,Linkin Park,18lR4BzEs7e3qzc0KVkTpU
What You Know Bout Love,Pop Smoke,1tkg4EHVoqnhR6iFEXb60y
Where Is The Love?,Black Eyed Peas,3CNqo3gYrfexdrtjFmC9he
Wrecking Ball,Miley Cyrus,NOT_FOUND
Young Dumb & Broke,Khalid,5Z3GHaZ6ec9bsiI5BenrbY
...Baby One More Time,Britney Spears,3MjUtNVVq3C8Fn0MP3zhXa
All Falls Down,Kanye West,NOT_FOUND
Back To Black,Amy Winehouse,30FURVTCpbKyykjSEQzGkH
Beautiful Mistakes (feat. Megan Thee Stallion),Maroon 5,NOT_FOUND
Before He Cheats,Carrie Underwood,0ZUo4YjG4saFnEJhdWp9Bt
Best Day Of My Life,American Authors,5Hroj5K7vLpIG4FNCRIjbP
Budapest,George Ezra,2ixsaeFioXJmMgkkbd4uj1
Calling My Phone,Lil Tjay,3J8EOeKLTLXORtWPpOU5bE
Chandelier,Sia,2s1sdSqGcKxpPr5lCl7jAV
Complicated,Avril Lavigne,5xEM5hIgJ1jjgcEBfpkt2F
Danza Kuduro,Don Omar,0rCxlp7KdpW1JR8uG6Uno0
Dark Horse,Katy Perry,4XKMwPSJtsiXOWOvjqWJ5V
DJ Got Us Fallin' In Love (feat. Pitbull),Usher,NOT_FOUND
DNA.,Kendrick Lamar,6HZILIRieu8S0iqY8kIKhj
Drag Me Down,One Direction,2K87XMYnUMqLcX3zvtAF4G
Everybody Talks,Neon Trees,2iUmqdfGZcHIhS3b9E9EWq
Faded,Alan Walker,7gHs73wELdeycvS48JfIos
Forgot About Dre,Dr. Dre,7iXF2W9vKmDoGAhlHdpyIa
Gimme More,Britney Spears,6ic8OlLUNEATToEFU3xmaH
Gold Digger,Kanye West,NOT_FOUND
Good Days,SZA,NOT_FOUND
Goodbyes (feat. Young Thug),Post Malone,NOT_FOUND
Hall of Fame (feat. will.i.am),The Script,7wMq5n8mYSKlQIGECKUgTX
Havana (feat. Young Thug),Camila Cabello,1rfofaqEpACxVEHIZBJe6W
How to Save a Life,The Fray,5fVZC9GiM4e8vu99W0Xf6J
How You Remind Me,Nickelback,0gmbgwZ8iqyMPmXefof8Yf
I Don’t Wanna Live Forever (Fifty Shades Darker),ZAYN,55n9yjI6qqXh5F2mYvUc2y
IDGAF,Dua Lipa,76cy1WJvNGJTj78UqeA5zr
Just Dance,Lady Gaga,3VBXcradZOCVLaAh7FIcSi
Just the Way You Are,Bruno Mars,7BqBn9nzAq8spo5e7cZ0dJ
Kryptonite,3 Doors Down,6ZOBP3NvffbU4SZcrnt1k6
Little Talks,Of Monsters and Men,2ihCaVdNZmnHZWt0fvAM7B
Love,Keyshia Cole,0W4NhJhcqKCqEP2GIpDCDq
Love Me Harder,Ariana Grande,5J4ZkQpzMUFojo1CtAZYpn
Magnolia,Playboi Carti,1e1JKLEDKP7hEQzJfNAgPl
MAMIII,Becky G,1ri9ZUkBJVFUdgwzCnfcYs
Mo Bamba,Sheck Wes,1xzBco0xcoJEDXktl7Jxrr
MONEY,LISA,45OX2jjEw1l7lOFJfDP9fv
More Than You Know,Axwell /\ Ingrosso,6h5PAsRni4IRlxWr6uDPTP
NO,Meghan Trainor,0l0CvurVUrr2w3Jj1hOVFc
Numb / Encore,JAY-Z,NOT_FOUND
Perfect,One Direction,3NLnwwAQbbFKcEcV8hDItk
Pon de Replay,Rihanna,4TsmezEQVSZNNPv5RJ65Ov
Prisoner (feat. Dua Lipa),Miley Cyrus,NOT_FOUND
Radioactive,Imagine Dragons,4G8gkOterJn0Ywt6uhqbhp
Ride It,Regard,2tnVG71enUj33Ic2nFN6kZ
Roar,Katy Perry,6F5c58TMEs1byxUstkzVeM
Royals,Lorde,2dLLR6qlu5UJ5gk0dKz0h3
Rude Boy,Rihanna,60jzFy6Nn4M0iD1d94oteF
Run This Town,JAY-Z,NOT_FOUND
She Will Be Loved - Radio Mix,Maroon 5,4llK75pXNWZz6KAho2Gp16
Snow (Hey Oh),Red Hot Chili Peppers,2aibwv5hGXSgw7Yru8IYTO
Steal My Girl,One Direction,2Bs4jQEGMycglOfWPBqrVG
Super Bass,Nicki Minaj,NOT_FOUND
Take Me Out,Franz Ferdinand,6ooluO7DiEhI1zmK94nRCM
Temperature,Sean Paul,0k2GOhqsrxDTAbFFSdNJjT
The Business,Tiësto,6f3Slt0GbA2bPZlz0aIFXN
The Middle,Zedd,09IStsImFySgyp0pIQdqAc
This Is The Life,Amy Macdonald,2T3jgoAMbBXiMMD8pSc6QL
This Love,Maroon 5,6ECp64rv50XVz93WvxXMGF
Todo De Ti,Rauw Alejandro,4fSIb4hdOQ151TILNsSEaF
Walking On A Dream,Empire of the Sun,5r5cp9IpziiIsR6b93vcnQ
WAP (feat. Megan Thee Stallion),Cardi B,NOT_FOUND
We Can't Stop,Miley Cyrus,NOT_FOUND
Wildest Dreams,Taylor Swift,59HjlYCeBsxdI0fcm3zglw
willow,Taylor Swift,3AYtDDIbG4DQxnEFELeFag
Work,Rihanna,NOT_FOUND
34+35,Ariana Grande,6Im9k8u9iIzKMrmV7BWtlF
Adventure of a Lifetime,Coldplay,69uxyAqqPIsUyTO8txoP2M
All Of The Lights,Kanye West,22L7bfCiAkJo5xGSQgmiIO
Alors on danse - Radio Edit,Stromae,2GYHyAoLWpkxLVa4oYTVko
American Idiot,Green Day,6nTiIhLmQ3FWhvrGafw2zj
Bang Bang,Jessie J,NOT_FOUND
Be Alright,Dean Lewis,3EPXxR3ImUwfayaurPi3cm
Bleed It Out,Linkin Park,0UFDKFqW2oGspYeYqo9wjA
boyfriend (with Social House),Ariana Grande,0Ryd8975WihbObpp5cPW1t
Can I Be Him,James Arthur,0VhgEqMTNZwYL1ARDLLNCX
"CAN'T STOP THE FEELING! (from DreamWorks Animation's ""TROLLS"")",Justin Timberlake,NOT_FOUND
Cheap Thrills,Sia,3S4px9f4lceWdKf0gWciFu
Cheerleader - Felix Jaehn Remix Radio Edit,OMI,023OVLNzXhX0j7CxswUt6D
Con Calma,Daddy Yankee,1qdiryo9D6QgoZw9beV72q
Cool for the Summer,Demi Lovato,2zFF6jG5hQArbzcXz3KUWk
Crazy In Love (feat. Jay-Z),Beyoncé,NOT_FOUND
DÁKITI,Bad Bunny,47EiUVwUp4C9fGccaPuUCS
Dilemma,Nelly,NOT_FOUND
Disturbia,Rihanna,2VOomzT6VavJOGBeySqaMc
DOGTOOTH,Tyler, The Creator,NOT_FOUND
Down,Jay Sean,6cmm1LMvZdB5zsCwX5BjqE
Drops of Jupiter (Tell Me),Train,2hKdd3qO7cWr2Jo0Bcs0MA
Drowning (feat. Kodak Black),A Boogie Wit da Hoodie,NOT_FOUND
Exchange,Bryson Tiller,43PuMrRfbyyuz4QpZ3oAwN
Faint,Linkin Park,4Yf5bqU3NK4kNOypcrLYwU
Fireflies,Owl City,3DamFFqW32WihKkTVlwTYQ
Fluorescent Adolescent,Arctic Monkeys,7e8utCy2JlSB8dRHKi49xM
FourFiveSeconds,Rihanna,NOT_FOUND
Girl on Fire,Alicia Keys,4esOae7i4rqTbAu9o5Pxco
Glad You Came,The Wanted,3AGOgQzp0YcPH41u9p7dOp
Go Flex,Post Malone,5yuShbu70mtHXY0yLzCQLQ
Grenade,Bruno Mars,2tJulUYLDKOg9XrtVkMgcJ
Head & Heart (feat. MNEK),Joel Corry,6cx06DFPPHchuUAcTxznu9
Heart Attack,Demi Lovato,1V6gIisPpYqgFeWbMLI0bA
Hey Brother,Avicii,4lhqb6JvbHId48OUJGwymk
Hey There Delilah,Plain White T's,4RCWB3V8V0dignt99LZ8vH
Ho Hey,The Lumineers,0W4Kpfp1w2xkY3PrV714B7
1973,James Blunt,1BV0m40U0M4t1SLIsDnwZl
Hold Me While You Wait,Lewis Capaldi,60iSKGrGazRzICtMjADNSM
I Knew You Were Trouble.,Taylor Swift,72jCZdH0Lhg93z6Z4hBjgj
I Like It,Cardi B,27g5jb8SH4CZrPWZFVmq97
I Took A Pill In Ibiza - Seeb Remix,Mike Posner,0dHdSRXfdFvoYxluB2ez5o
In My Mind,Dynoro,0E9ZjEAyAwOXZ7wJC0PD33
INDUSTRY BABY (feat. Jack Harlow),Lil Nas X,27NovPIUIRrOZoCHxABJwK
Island In The Sun,Weezer,2MLHyLy5z5l5YRp7momlgw
It Wasn't Me,Shaggy,4woflPn7hNodcdO2dAC2N9
Just A Lil Bit,50 Cent,4nva9EpKntUTs6CRSGBCn9
Kiss Me More (feat. SZA),Doja Cat,748mdHapucXQri7IAO8yFK
Like I Can,Sam Smith,2TeLIzFBe3hxkPR5FIQZut
Like I'm Gonna Lose You (feat. John Legend),Meghan Trainor,NOT_FOUND
Locked Away (feat. Adam Levine),R. City,7x5xYW5W42OGPAdHUyyguy
Lonely,Akon,5QnM8r0kqFdM84k18aFE2V
"Love Me Like You Do - From ""Fifty Shades Of Grey""",Ellie Goulding,3zHq9ouUJQFQRf3cm1rRLu
Love Story (Taylor’s Version),Taylor Swift,NOT_FOUND
Lush Life,Zara Larsson,1rIKgCH4H52lrvDcz50hS8
m y . l i f e (with 21 Savage & Morray),J. Cole,NOT_FOUND
MIA,Bad Bunny,5hnGly9RuGiixupoVrLTNI
My Boo,Usher,NOT_FOUND
My Way,Calvin Harris,1vvNmPOiUuyCbgWmtc6yfm
Nice For What,Drake,3CA9pLiwRIGtUBiMjbZmRw
Nonstop,Drake,0TlLq3lA83rQOYtrqBqSct
On The Floor,Jennifer Lopez,3C0nOe05EIt1390bVABLyN
Oops!...I Did It Again,Britney Spears,6naxalmIoLFWR0siv8dnQQ
Ophelia,The Lumineers,3d8y0t70g7hw2FOWl9Z4Fm
P.I.M.P.,50 Cent,2D1hlMwWWXpkc3CZJ5U351
Put Your Records On,Corinne Bailey Rae,2nGFzvICaeEWjIrBrL2RAx
Raise Your Glass,P!nk,1gv4xPanImH17bKZ9rOveR
Rasputin,Majestic,0b18g3G5spr4ZCkz7Y6Q0Q
Roses - Imanbek Remix,SAINt JHN,24Yi9hE78yPEbZ4kxyoXAI
Runaway,Kanye West,NOT_FOUND
Scars To Your Beautiful,Alessia Cara,0prNGof3XqfTvNDxHonvdK
Scream & Shout,will.i.am,NOT_FOUND
SexyBack (feat. Timbaland),Justin Timberlake,NOT_FOUND
Sing For The Moment,Eminem,3CpoeW0cZSDzIRv5z34F87
Starships,Nicki Minaj,1oHNvJVbFkexQc0BpQp7Y4
Still into You,Paramore,1yjY7rpaAQvKwpdUliHx0d
Sugar, We're Goin Down,Fall Out Boy,NOT_FOUND
The Monster,Eminem,NOT_FOUND
The Pretender,Foo Fighters,7x8dCjCr0x6x2lXKujYD34
Thinkin Bout You,Frank Ocean,7DfFc7a6Rwfi3YQMRbDMau
Thnks fr th Mmrs,Fall Out Boy,3Zwu2K0Qa5sT6teCCHPShP
Thrift Shop (feat. Wanz),Macklemore & Ryan Lewis,NOT_FOUND
Tongue Tied,GROUPLOVE,0GO8y8jQk1PkHzS31d699N
When We Were Young,Adele,7IWkJwX9C0J7tHurTD7ViL
Whistle,Flo Rida,3bC1ahPIYt1btJzSSEyyrF
Wild Ones (feat. Sia),Flo Rida,NOT_FOUND
All The Things She Said,t.A.T.u.,4bJygwUKrRgq1stlNXcgMg
Am I Wrong,Nico & Vinz,1fidCEsYlaVE3pHwKCvpFZ
American Boy,Estelle,22UDw8rSfLbUsaAGTXQ4Z8
Bad Blood,Taylor Swift,273dCMFseLcVsoSWx59IoE
Bank Account,21 Savage,2fQrGHiQOvpL9UgPvtYy6G
Beautiful Girls,Sean Kingston,1hGy2eLcmC8eKx7qr1tOqx
Bertaut,Nadin Amizah,NOT_FOUND
Best Song Ever,One Direction,5T7ZFtCcOgkpjxcuaeZbw0
Black and Yellow,Wiz Khalifa,5A6OHHy73AR5tLxgTc98zz
Blame (feat. John Newman),Calvin Harris,07nH4ifBxUB4lZcsf44Brn
Break Free,Ariana Grande,NOT_FOUND
Break My Heart,Dua Lipa,017PF4Q3l4DBUiWoXk4OWT
Butter,BTS,6jjYDGxVJsWS0a5wlVF5vS
Can't Tell Me Nothing,Kanye West,2MIBAmYwiuGoKUlpq9B9sZ
changes,XXXTENTACION,7AFASza1mXqntmGtbxXprO
Crazy,Gnarls Barkley,2N5zMZX7YeL1tico8oQxa9
Dancing in the Moonlight,Toploader,3Fzlg5r1IjhLk2qRw667od
Dani California,Red Hot Chili Peppers,10Nmj3JCNoMeBQ87uw5j8k
Déjala Que Vuelva (feat. Manuel Turizo),Piso 21,NOT_FOUND
Die Young,Kesha,7EQGXaVSyEDsCWKmUcfpLk
Drive By,Train,0KAiuUOrLTIkzkpfpn9jb9
Falling,Trevor Daniel,4TnjEaWOeW0eKTKIEvJyCa
Feel This Moment (feat. Christina Aguilera),Pitbull,NOT_FOUND
Forever,Chris Brown,3NZJlJemX3mzjf56MqC5ML
FRIENDS,Marshmello,08bNPGLD8AhKpnnERrAc6G
Give It To Me,Timbaland,NOT_FOUND
God is a woman,Ariana Grande,5OCJzvD7sykQEKHH7qAC3C
Good Feeling,Flo Rida,2LEF1A8DOZ9wRYikWgVlZ8
Good Time,Owl City,1kPpge9JDLpcj15qgrPbYX
Hawái,Maluma,4uoR6qeWeuL4Qeu2qJzkuG
Headlines,Drake,6LxSe8YmdPxy095Ux6znaQ
Him & I (with Halsey),G-Eazy,5k38wzpLb15YgncyWdTZE4
Hotline Bling,Drake,0wwPcA6wtMf6HUMpIRdeP7
How Deep Is Your Love,Calvin Harris,NOT_FOUND
If the World Was Ending (feat. Julia Michaels),JP Saxe,NOT_FOUND
Into You,Ariana Grande,2meEiZKWkiN28gITzFwQo5
It Ain't Me (with Selena Gomez),Kygo,3eR23VReFzcdmS7TYCrhCe
Kids,MGMT,1jJci4qxiYcOHhQR247rEU
Kiss Me Thru The Phone,Soulja Boy,NOT_FOUND
Like a Stone,Audioslave,3YuaBvuZqcwN3CEAyyoaei
Location,Khalid,152lZdxL1OR0ZMW6KquMif
Location (feat. Burna Boy),Dave,NOT_FOUND
Look Back at It,A Boogie Wit da Hoodie,3Ol2xnObFdKV9pmRD2t9x8
Love Galore (feat. Travis Scott),SZA,NOT_FOUND
Love Story,Taylor Swift,1vrd6UOGamcKNGnSHJQlSt
Marry You,Bruno Mars,22PMfvdz35fFKYnJyMn077
Me And My Broken Heart,Rixton,1oew3nFNY3vMacJAsvry0S
Meet Me At Our Spot,THE ANXIETY,07MDkzWARZaLEdKxo6yArG
Memories (feat. Kid Cudi),David Guetta,5xYC48nOppVemY6U5GRGTb
Memories Remix (feat. Nipsey Hussle & YG),Maroon 5,NOT_FOUND
Midnight City,M83,1eyzqe2QqGZUmfcPZtrIyt
Midnight Sky,Miley Cyrus,27ycaQnQAxaPiyeg3nr2aB
Mirrors,Justin Timberlake,4rHZZAmHpZrA3iH5zx8frV
Money In The Grave (Drake ft. Rick Ross),Drake,NOT_FOUND
Monster,Skillet,2UREu1Y8CO4jXkbvqAtP7g
no tears left to cry,Ariana Grande,2qT1uLXPVPzGgFOx4jtEuo
Nothing Breaks Like a Heart (feat. Miley Cyrus),Mark Ronson,27rdGxbavYJeBphck5MZAF
Old Town Road - Remix,Lil Nas X,2YpeDb67231RjR0MgVLzsG
One More Time,Daft Punk,0DiWol3AO6WpXZgp0goxAV
Paper Planes,M.I.A.,1wgqttlPacpvmX5DKVboOa
Pop Out (feat. Lil Tjay),Polo G,NOT_FOUND
Power Trip (feat. Miguel),J. Cole,NOT_FOUND
Psycho (feat. Ty Dolla $ign),Post Malone,NOT_FOUND
ROCKSTAR (feat. Roddy Ricch),DaBaby,NOT_FOUND
Rollin' (Air Raid Vehicle),Limp Bizkit,3IV4swNduIRunHREK80owz
Safaera,Bad Bunny,2DEZmgHKAvm41k4J3R2E9Y
Save That Shit,Lil Peep,0S0vWvyZ6Rc79TXkWxT9QA
Say My Name,Destiny's Child,NOT_FOUND
Say So,Doja Cat,3Dv1eDb0MEgF93GpLXlucZ
Scared to Be Lonely,Martin Garrix,3ebXMykcMXOcLeJ9xZ17XH
Sexy Bitch (feat. Akon),David Guetta,127uq83uGFapbddqiMUKky
Shotgun,George Ezra,4ofwffwvvnbSkrMSCKQDaC
Shower,Becky G,3DmW6y7wTEYHJZlLo1r6XJ
Skyfall,Adele,6VObnIkLVruX4UVyxWhlqm
So Sick,Ne-Yo,6brl7bwOHmGFkNw3MBqssT
So What,P!nk,0JiY190vktuhSGN6aqJdrt
Stay,Rihanna,NOT_FOUND
Sugar (feat. Francesco Yates),Robin Schulz,5tf1VVWniHgryyumXyJM7w
Summer of Love (Shawn Mendes & Tainy),Shawn Mendes,0z8hI3OPS8ADPWtoCjjLl6
Supermassive Black Hole,Muse,3lPr8ghNDBLc2uZovNyLs9
Team,Lorde,3G6hD9B2ZHOsgf4WfNu7X1
The Lazy Song,Bruno Mars,1ExfPZEiahqhLyajhybFeS
This Could Be Us,Rae Sremmurd,4jTiyLlOJVJj3mCr7yfPQD
This Girl (Kungs Vs. Cookin' On 3 Burners),Kungs,1A8j067qyiNwQnZT0bzUpZ
To the Bone,Pamungkas,3pCt2wRdBDa2kCisIdHWgF
Unconditionally,Katy Perry,009ImBOrIUlWgla8U05RAC
Waves - Robin Schulz Radio Edit,Mr. Probz,1HFfMOxCAT4GAwaPfCdmUs
Welcome to the Black Parade,My Chemical Romance,5wQnmLuC1W7ATsArWACrgW
What Do You Mean?,Justin Bieber,4B0JvthVoAAuygILe3n4Bs
White Iverson,Post Malone,6eT7xZZlB2mwyzJ2sUKG6w
Young, Wild & Free (feat. Bruno Mars),Snoop Dogg,NOT_FOUND
A Thousand Miles,Vanessa Carlton,4w1lzcaoZ1IC2K5TwjalRP
Angel,Shaggy,7FDV5ELOJHCGLe52AnttEd
Are You Gonna Be My Girl,Jet,305WCRhhS10XUcH6AEwZk6
Astronaut In The Ocean,Masked Wolf,0jdso14vaFnpRazMLEZovF
Better Off Alone,Alice Deejay,NOT_FOUND
break up with your girlfriend i'm bored,Ariana Grande,NOT_FOUND
Breaking Me,Topic,5HOlPj1GPGrp8sbad1BPDU
Callaita,Bad Bunny,2TH65lNHgvLxCKXM3apjxI
Cheating on You,Charlie Puth,0ClPIeT6MSgfSgQ9ZrJbAq
Chill Bill (feat. J. Davi$ & Spooks),Rob $tone,NOT_FOUND
Clint Eastwood,Gorillaz,7yMiX7n9SBvadzox8T5jzT
Club Can't Handle Me (feat. David Guetta),Flo Rida,NOT_FOUND
Collard Greens,ScHoolboy Q,NOT_FOUND
Counting Stars,OneRepublic,6sy3LkhNFjJWlaeSMNwQ62
Dance, Dance,Fall Out Boy,NOT_FOUND
Dear Maria, Count Me In,All Time Low,NOT_FOUND
Diamonds,Rihanna,1z9kQ14XBSN0r2v6fx4IdG
Drive,Incubus,7nnWIPM5hwE3DaUBkvOIpy
Drop It Like It's Hot,Snoop Dogg,0oNzFzjf5eDRnvpGe7u2r2
"Earned It (Fifty Shades Of Grey) - From The ""Fifty Shades Of Grey"" Soundtrack",The Weeknd,2PIvq1pGrUjY007X5y1UpM
Elastic Heart,Sia,5S9lfZu1YF8xKkgSsqL2Bd
Family Affair,Mary J. Blige,3aw9iWUQ3VrPQltgwvN9Xu
Feels (feat. Pharrell Williams, Katy Perry & Big Sean),Calvin Harris,NOT_FOUND
Firestone,Kygo,1I8tHoNBFTuoJAlh4hfVVE
Get Busy,Sean Paul,5qTvkDrSfvwDv6RBjjcfQr
Girls Want Girls (with Lil Baby),Drake,NOT_FOUND
Glorious (feat. Skylar Grey),Macklemore,NOT_FOUND
Here Without You,3 Doors Down,3NLrRZoMF0Lx6zTlYqeIo4
Here's Your Perfect,Jamie Miller,2aTKrdenCq5qBOoJPFdn4P
How We Do,The Game,NOT_FOUND
I Don't Care (with Justin Bieber),Ed Sheeran,NOT_FOUND
i hate u i love u (feat. olivia o'brien),gnash,NOT_FOUND
I Miss You,blink-182,1oTo3ijRbaDAtrjJrGAPSw
Impossible,James Arthur,5yVIlYEHZxQVLyInCdldoS
It Will Rain,Bruno Mars,0RUGuh2uSNFJpGMSsD1F5C
It's Not Living (If It's Not With You),The 1975,3TgMcrV32NUKjEG2ujn9eh
Just Can’t Get Enough,Black Eyed Peas,3JA9Jsuxr4xgHXEawAdCp4
La Tortura (feat. Alejandro Sanz),Shakira,NOT_FOUND
Lady - Hear Me Tonight,Modjo,49X0LAl6faAusYq02PRAY6
Lantas,Juicy Luicy,NOT_FOUND
Lean On (feat. MØ & DJ Snake),Major Lazer,NOT_FOUND
Life Goes On,BTS,249gnXrbfmV8NG6jTEMSwD
Life Goes On,Oliver Tree,47U8UsDT7LHPkZ2Jm4qnvm
Love Me Again,John Newman,5VSCgNlSmTV2Yq5lB40Eaw
Malibu,Miley Cyrus,1UZOjK1BwmwWU14Erba9CZ
Mambo No. 5 (a Little Bit of...),Lou Bega,6x4tKaOzfNJpEJHySoiJcs
Me & U,Cassie,7k6IzwMGpxnRghE7YosnXT
Me, Myself & I,G-Eazy,NOT_FOUND
My House,Flo Rida,6Knv6wdA0luoMUuuoYi2i1
On Top Of The World,Imagine Dragons,6KuHjfXHkfnIjdmcIvt9r0
One More Night,Maroon 5,4XNrMwGx1SqP01sqkGTDmo
Permission to Dance,BTS,3XYRV7ZSHqIRDG87DKTtry
Physical,Dua Lipa,3AzjcOeAmA57TIOr9zF1ZW
Piece Of Your Heart,MEDUZA,4M0ezYulsUFJDrKk9d58y6
Problem,Ariana Grande,NOT_FOUND
Pump It,Black Eyed Peas,6btyEL6NwUa97Nex9cZFvo
Replay,Iyaz,5vlEg2fT4cFWAqU5QptIpQ
Right Round,Flo Rida,3GpbwCm3YxiWDvy29Uo3vP
Rock Your Body,Justin Timberlake,1AWQoqb9bSvzTjaLralEkT
ROXANNE,Arizona Zervas,696DnlkuDOXcMAnKlTgXXK
17,MK,NOT_FOUND
Side To Side,Ariana Grande,44ONERBHALxftQNWq6dmyd
Sk8er Boi,Avril Lavigne,00Mb3DuaIH1kjrwOku9CGU
SOS,Rihanna,30cSNer6TV8x2utjULVeQ5
Take A Bow,Rihanna,3goSVuTt3fDYDP6kRnFwuL
Taki Taki (with Selena Gomez & Ozuna & Cardi B),DJ Snake,NOT_FOUND
Te Boté - Remix,Nio Garcia,3V8UKqhEK5zBkBb6d6ub8i
The Kill,Thirty Seconds To Mars,0lP4HYLmvowOKdsQ7CVkuq
Tusa,KAROL G,47960GBapFd2ZJU6LbtwZz
Unwritten,Natasha Bedingfield,1D1nixOVWOxvNfWi0UD7VX
Use Somebody,Kings of Leon,5VGlqQANWDKJFl0MBG3sg2
Valerie (feat. Amy Winehouse) - Version Revisited,Mark Ronson,NOT_FOUND
Video Games,Lana Del Rey,NOT_FOUND
Waka Waka (This Time for Africa) [The Official 2010 FIFA World Cup (TM) Song] (feat. Freshlyground),Shakira,2Cd9iWfcOpGDHLz6tVA3G4
We Are Young (feat. Janelle Monáe),fun.,5rgy6ghBq1eRApCkeUdJXf
When You Were Young,The Killers,70wYA8oYHoMzhRRkARoMhU
Who Says,Selena Gomez & The Scene,3TcL0dyCMyr0kyTTc4NLgI
Womanizer,Britney Spears,4fixebDZAVToLbUCuEloa2
Work from Home (feat. Ty Dolla $ign),Fifth Harmony,NOT_FOUND
1-800-273-8255,Logic,NOT_FOUND
21 Questions,50 Cent,NOT_FOUND
3 Nights,Dominic Fike,1tNJrcVe6gwLEiZCtprs1u
Are You With Me,Lost Frequencies,4255amV4enzl28KAn16rUO
Barbie Girl,Aqua,2RSOzvKUnfDDrb2nQPfpQU
Beauty And A Beat,Justin Bieber,NOT_FOUND
Best of You,Foo Fighters,5FZxsHWIvUsmSK1IAvm2pp
Bleeding Love,Leona Lewis,7wZUrN8oemZfsEd1CGkbXE
Blurred Lines,Robin Thicke,0n4bITAu0Y0nigrz3MFJMb
Body,Loud Luxury,21RzyxY3EFaxVy6K4RqaU9
Break Your Heart,Taio Cruz,NOT_FOUND
Buy U a Drank (Shawty Snappin') (feat. Yung Joc),T-Pain,NOT_FOUND
By the Way,Red Hot Chili Peppers,1f2V8U1BiWaC9aJWmpOARe
California Gurls,Katy Perry,NOT_FOUND
Call on Me - Radio Mix,Eric Prydz,1xNcBAoUw8Hz6LqK2jt4Ff
Can't Get You out of My Head,Kylie Minogue,3E7ZwUMJFqpsDOJzEkBrQ7
Clarity,Zedd,3Wd1EKFFLy7HZeZF7PEIge
Cooler Than Me - Single Mix,Mike Posner,2V4bv1fNWfTcyRJKmej6Sj
Dance Monkey,Tones And I,2XU0oxnq2qxCpomAAuJY8K
DARE,Gorillaz,4Hff1IjRbLGeLgFgxvHflk
Don't Call Me Up,Mabel,5WHTFyqSii0lmT9R21abT8
Don't Know Why,Norah Jones,6ybViy2qrO9sIi41EgRJgx
Eastside (with Halsey & Khalid),benny blanco,7FGq80cy8juXBCD2nrqdWU
Envolver,Anitta,5ySvAKzhoGkXm4WioV6MDS
Everybody (Backstreet's Back) - Radio Edit,Backstreet Boys,4rTeOSYqwXNz5qPR2DUTFZ
F**kin' Problems (feat. Drake, 2 Chainz & Kendrick Lamar),A$AP Rocky,NOT_FOUND
Face Down,The Red Jumpsuit Apparatus,4wzjNqjKAKDU82e8uMhzmr
Firework,Katy Perry,4r6eNCsrZnQWJzzvFh4nlg
Halo,Beyoncé,4JehYebiI9JE8sR8MisGVb
Hear Me Now,Alok,39cmB3ZoTOLwOTq7tMNqKa
Hello,Adele,4sPmO7WMQUAf45kwMOtONw
Higher Love,Kygo,6oJ6le65B3SEqPwMRNXWjY
Hot In Herre,Nelly,04KTF78FFg8sOHC1BADqbY
Human,The Killers,1sTsuZTdANkiFd7T34H3nb
Hung Up,Madonna,3850dYVgOFIXJh5U4BFEWH
ily (i love you baby) (feat. Emilee),Surf Mesa,62aP9fBQKYKxi7PDXwcUAS
In My Feelings,Drake,2G7V7zsVDxg1yRsu7Ew9RJ
In The Night,The Weeknd,25KybV9BOUlvcnv7nN3Pyo
In Too Deep,Sum 41,1HNE2PX70ztbEl6MLxrpNL
Intentions (feat. Quavo),Justin Bieber,NOT_FOUND
International Love (feat. Chris Brown),Pitbull,NOT_FOUND
Jealous,Labrinth,4L2K7JKseFCBoHMZEAszW0
Let Me Blow Ya Mind,Eve,NOT_FOUND
Let Me Go (with Alesso, Florida Georgia Line & watt),Hailee Steinfeld,NOT_FOUND
Live Your Life,T.I.,NOT_FOUND
2002,Anne-Marie,2BgEsaKNfHUdlh97KmvFyo
Losin Control,Russ,4cxMGhkinTocPSVVKWIw0d
Love On Top,Beyoncé,1z6WtY7X4HQJvzxC4UgkSf
Low Life (feat. The Weeknd),Future,NOT_FOUND
Middle,DJ Snake,5029vpQu4KlJp0Kqobuc01
MONTERO (Call Me By Your Name),Lil Nas X,1SC5rEoYDGUK4NfG82494W
Motley Crew,Post Malone,NOT_FOUND
Nevermind,Dennis Lloyd,63SevszngYpZOwf63o61K4
Nights Like This (feat. Ty Dolla $ign),Kehlani,NOT_FOUND
No Hands (feat. Roscoe Dash & Wale),Waka Flocka Flame,NOT_FOUND
oui,Jeremih,0PJIbOdMs3bd5AT8liULMQ
Paris,The Chainsmokers,15vzANxN8G9wWfwAJLLMCg
Part Of Me,Katy Perry,1nZzRJbFvCEct3uzu04ZoL
Perfect Strangers,Jonas Blue,3P3pw6C19j31Rnzgo3JG7o
Pompeii,Bastille,3gbBpTdY8lnQwqxNCcf795
Praise God,Kanye West,NOT_FOUND
Price Tag,Jessie J,NOT_FOUND
Pure Water (with Migos),Mustard,NOT_FOUND
Renegades,X Ambassadors,0fYVliAYKHuPmECRs1pbRf
Reptilia,The Strokes,57Xjny5yNzAcsxnusKmAfA
Ride Wit Me,Nelly,NOT_FOUND
Runaway (U & I),Galantis,46lFttIf5hnUZMGvjK0Wxo
Savage Love (Laxed - Siren Beat),Jawsh 685,NOT_FOUND
Say It,Tory Lanez,2Gyc6e2cLxA5hoX1NOvYnU
Secreto,Anuel AA,583f0IBk80MRgaTAOZyGDw
Secrets,OneRepublic,1NhPKVLsHhFUHIOZ32QnS2
She Wolf,Shakira,4cS2HQ6jK80vqdY9ofpztx
Slow Hands,Niall Horan,2cOUlop2ZakjOKe4WinesN
Smooth Criminal,Alien Ant Farm,5z6xHjCZr7a7AIcy8sPBKy
Snowman,Sia,7uoFMmxln0GPXQ0AcCBXRq
Stir Fry,Migos,2UVbBKQOdFAekPTRsnkzcf
Stole the Show,Kygo,5masKPHeAOVNgxdLebIcK7
Stronger (What Doesn't Kill You),Kelly Clarkson,6D60klaHqbCl9ySc8VcRss
Sucker for Pain (with Wiz Khalifa & Imagine Dragons & Logic & Ty Dolla $ign feat. X Ambassadors),Lil Wayne,NOT_FOUND
Sunday Best,Surfaces,1Cv1YLb4q0RzL6pybtaMLo
Swalla (feat. Nicki Minaj & Ty Dolla $ign),Jason Derulo,6kex4EBAj0WHXDKZMEJaaF
Swang,Rae Sremmurd,6mapJIPnQ23RTAevUoE0DL
Take Care,Drake,NOT_FOUND
Take You Dancing,Jason Derulo,59qrUpoplZxbIZxk6X0Bm3
Talking to the Moon,Bruno Mars,161DnLWsx1i3u1JT05lzqU
The Climb,Miley Cyrus,0V8FYVlBFuXXTIvRnMbZyS
THE SCOTTS,THE SCOTTS,NOT_FOUND
Vaina Loca,Ozuna,48zFZh27QU5qsrBjn4C2FA
We Are Never Ever Getting Back Together,Taylor Swift,7AEAGTc8cReDqcbPoY9gwo
Wild Thoughts (feat. Rihanna & Bryson Tiller),DJ Khaled,NOT_FOUND
Without Me,Halsey,5p7ujcrUXASCNwRaWNHR1C
You're Beautiful,James Blunt,0vg4WnUWvze6pBOJDTq99k
You've Got The Love,Florence + The Machine,6u9RqxALwkjJ1ukB1y8vuP
ZEZE (feat. Travis Scott & Offset),Kodak Black,NOT_FOUND
679 (feat. Remy Boyz),Fetty Wap,5NQbUaeTEOGdD6hHcre0dZ
Airplanes (feat. Hayley Williams of Paramore),B.o.B,NOT_FOUND
Bad Day,Daniel Powter,0mUyMawtxj1CJ76kn9gIZK
Beautiful Day,U2,1VuBmEauSZywQVtqbxNqka
Beautiful People (feat. Khalid),Ed Sheeran,NOT_FOUND
Because Of You,Ne-Yo,6CFPFnS9EcLs2I0nWqtWci
Behind Blue Eyes,Limp Bizkit,1MTQHCpraD4S8g5PAFKzoj
Better Together,Jack Johnson,4VywXu6umkIQ2OS0m1I79y
Black Beatles,Rae Sremmurd,NOT_FOUND
Blueberry Faygo,Lil Mosey,6wJYhPfqk3KGhHRG76WzOh
Chasing Pavements,Adele,71WAtDcWVYMoCsblD2uQXx
China,Anuel AA,2ksOAxtIxY8yElEWw8RhgK
Circus,Britney Spears,7jk7gqyEonmVVYahZN5zhW
Cleanin' Out My Closet,Eminem,7BMO7O7ImjV8HNTH74Tshv
Crank That (Soulja Boy),Soulja Boy,66TRwr5uJwPt15mfFkzhbi
Cry Me a River,Justin Timberlake,7Lf7oSEVdzZqTA0kEDSlS5
Dancing With A Stranger (with Normani),Sam Smith,NOT_FOUND
Dangerous Woman,Ariana Grande,7l94dyN2hX9c6wWcZQuOGJ
Destination Calabria - Radio Edit,Alex Gaudino,5TmFTHZp7HjBXjjsFvCY6h
Domino,Jessie J,6MAdEUilV2p9RQUqE5bMAK
Down On Me,Jeremih,NOT_FOUND
Eenie Meenie,Sean Kingston,45O0tUN9Bh6LH4eNxQ07AT
Fast Car,Jonas Blue,1SN1vSPsr4V4tIUTR3s8YW
Fat Lip,Sum 41,4KacUpvbA3Mfo05gttTjhN
Girlfriend,Avril Lavigne,45hOioMDJktr86iKDHC8gr
Good as Hell,Lizzo,3Yh9lZcWyKrK9GjbhuS0hR
Good Life,Kanye West,NOT_FOUND
Habits (Stay High),Tove Lo,14OxJlLdcHNpgsm4DRwDOB
History,One Direction,0HMjXBAZmSYOTTi33WpMso
Hold On, We're Going Home,Drake,NOT_FOUND
I Don't Fuck With You,Big Sean,0myB6MFI5O76ebuwKEfALj
I Hate Everything About You,Three Days Grace,0M955bMOoilikPXwKLYpoi
i'm so tired...,Lauv,4vjpLMyL3ZO6aphdYr8XYw
In My Place,Coldplay,2nvC4i2aMo4CzRjRflysah
Infinity 2008 - Klaas Vocal Edit,Guru Josh Project,NOT_FOUND
Just A Dream,Nelly,3ZdJffjzJWFimSQyxgGIxN
King Kunta,Kendrick Lamar,0N3W5peJUQtI4eyR6GJT5O
L'Amour Toujours,Gigi D'Agostino,NOT_FOUND
Last Friday Night (T.G.I.F.),Katy Perry,3avYqdwHKEq8beXbeWCKqJ
Latch,Disclosure,5rXxLUuYBd6GkkHSGKd1qL
Let Me Love You,Mario,3ibKnFDaa3GhpPGlOUj7ff
Levitating (feat. DaBaby),Dua Lipa,5nujrmhLynf4yMoMtj8AQF
Life is a Highway,Rascal Flatts,2Fs18NaCDuluPG1DHGw1XG
Like A G6,Far East Movement,5AyL2kgLtTWEu3qO3B9SqK
Little Do You Know,Alex & Sierra,1almCHdsfikRPfVB9VrEdT
Little Things,One Direction,0TAmnCzOtqRfvA38DDLTjj
Live While We're Young,One Direction,6Vh03bkEfXqekWp7Y1UBRb
Loco Contigo (feat. J. Balvin & Tyga),DJ Snake,6osaMSJh9NguagEDQcZaKx
Meant to Be (feat. Florida Georgia Line),Bebe Rexha,NOT_FOUND
Mi Gente,J Balvin,4ipnJyDU3Lq15qBAYNqlqK
Mine,Bazzi,7uzmGiiJyRfuViKKK3lVmR
Misery Business,Paramore,6SpLc7EXZIPpy0sVko0aoU
Naive,The Kooks,2RUhtNBh43RtSg0WBPPq3m
No One,Alicia Keys,6IwKcFdiRQZOWeYNhUiWIv
Nothin' on You (feat. Bruno Mars),B.o.B,NOT_FOUND
One Call Away,Charlie Puth,7soJgKhQTO8hLP2JPRkL5O
Paralyzer,Finger Eleven,28IEbk5a7twNTbUEvWslUb
Plain Jane,A$AP Ferg,4dVpf9jZjcORqGTLUaeYj9
pov,Ariana Grande,3UoULw70kMsiVXxW0L3A33
Rain On Me (with Ariana Grande),Lady Gaga,NOT_FOUND
Rockabye (feat. Sean Paul & Anne-Marie),Clean Bandit,5knuzwU65gJK7IF5yJsuaW
Roses,The Chainsmokers,3vv9phIu6Y1vX3jcqaGz5Z
Sail,AWOLNATION,5xhQChGGhKLWqBqX4XhtYE
212,Azealia Banks,NOT_FOUND
Shake That,Eminem,NOT_FOUND
Shout Out to My Ex,Little Mix,0ErK6K0kYr0Ow2RkPMhmMs
Soltera - Remix,Lunay,4t9a07PAghtQMRAIP9FQ7Z
Somebody Else,The 1975,5hc71nKsUgtwQ3z52KEKQk
Springsteen,Eric Church,05ZACkzW8YbRq3eFgIfSNB
Stacy's Mom,Fountains Of Wayne,27L8sESb3KR79asDUBu8nW
Take A Look Around,Limp Bizkit,2avKuMN2QXkaG9vvHa2JLt
The A Team,Ed Sheeran,1VdZ0vKfR5jneCmWIUAMxK
The Heart Wants What It Wants,Selena Gomez,6wJwkMo278iWVlWl1XQ4WA
The Motto,Drake,NOT_FOUND
Too Good,Drake,NOT_FOUND
Trap Queen,Fetty Wap,2d8JP84HNLKhmd6IYOoupQ
Troublemaker (feat. Flo Rida),Olly Murs,NOT_FOUND
Under Control (feat. Hurts),Calvin Harris,4J7CKHCF3mdL4diUsmW8lq
Walk It Talk It,Migos,NOT_FOUND
Want to Want Me,Jason Derulo,7oGZAicScQt96OAW4AruYy
Where Have You Been,Rihanna,5WQQIDU3HRaMyPkob8mpFb
Where Them Girls At (feat. Nicki Minaj & Flo Rida),David Guetta,7ks6AZmFcm3Y6PGGxGSmlB
Wherever You Will Go,The Calling,5QpaGzWp0hwB5faV8dkbAz
Who Knew,P!nk,2hns6Dv29Yrg68AVTJiAyA
With You,Chris Brown,5Lgcn7u07bHuqbOtXkN62u
X,Nicky Jam,5YUyW9opqNsMSEzzecZih1
You And Me,Lifehouse,0815caqt2Lytro5EIzMufT
Your Power,Billie Eilish,042Sl6Mn83JHyLEqdK7uI0
4 Minutes (feat. Justin Timberlake & Timbaland),Madonna,NOT_FOUND
Adan y Eva,Paulo Londra,6FyRXC8tJUh863JCkyWqtk
Ain't It Fun,Paramore,1j8z4TTjJ1YOdoFEDwJTQa
Ain't Nobody (Loves Me Better) (feat. Jasmine Thompson),Felix Jaehn,NOT_FOUND
All Summer Long,Kid Rock,5rX6C5QVvvZB7XckETNych
Apologize,OneRepublic,1NrJYpdAi7uosDRPmSYrsG
Ayo,Chris Brown,NOT_FOUND
Bad and Boujee (feat. Lil Uzi Vert),Migos,NOT_FOUND
Bad At Love,Halsey,7y9iMe8SOB6z3NoHE2OfXl
Bandido,Myke Towers,NOT_FOUND
Bartender (feat. Akon),T-Pain,NOT_FOUND
Beautiful Liar,Beyoncé,NOT_FOUND
BICHOTA,KAROL G,7vrJn5hDSXRmdXoR30KgF1
Black Skinhead,Kanye West,722tgOgdIbNe3BEyLnejw4
Blue Jeans,GANGGA,4kfjA6WfgKBt7I7YKuDCkU
Boulevard of Broken Dreams,Green Day,5GorCbAP4aL0EJ16frG2hd
Boyfriend,Justin Bieber,3UGIZ8qcrMTwzLbx6Kttqt
Breaking the Habit,Linkin Park,6n8TMVyFKoUmDc4apxceRD
Breezeblocks,alt-J,3n69hLUdIsSa1WlRmjMZlW
Build a Bitch,Bella Poarch,7BoobGhD4x5K96Me0hqC8Q
Cool Kids,Echosmith,13P5rwmk2EsoFRIz9UCeh9
Dangerously,Charlie Puth,6GBMbvX7sqyOxT5wWK4hgN
Dirt Road Anthem,Jason Aldean,2qYsSHsYkihWx043HVJQRV
Disco Inferno,50 Cent,69bHJ9qs5FrUJbKP8xU8uZ
Don't Matter,Akon,7I6DceMT3utDOHjcYCbrr4
Don't Tell 'Em,Jeremih,NOT_FOUND
Everybody's Changing,Keane,5hkdfA87RZvNaxl6XiveOA
Fake Love,Drake,343YBumqHu19cGoGARUTsd
Finesse - Remix: feat. Cardi B,Bruno Mars,NOT_FOUND
Foolish,Ashanti,6zMUIb4uce1CzpbjR3vMdN
Forever,Drake,NOT_FOUND
Free Fallin' - Live at the Nokia Theatre Los Angeles CA - December 2007,John Mayer,NOT_FOUND
GIRL LIKE ME,Black Eyed Peas,NOT_FOUND
Hangover,Taio Cruz,NOT_FOUND
Hey Baby (Drop It to the Floor) (feat. T-Pain),Pitbull,NOT_FOUND
Hot N Cold,Katy Perry,1y4eb6hmAvsqlDOl3fx9kk
I Bet You Look Good On The Dancefloor,Arctic Monkeys,29EkMZmUNz1WsuzaMtVo1i
I Wanna Love You,Akon,5Mnm0x2GXkY1qcvoGb1sfp
Intro,The xx,0DAsxISzun85PbsqAfIzeC
La Camisa Negra,Juanes,2EM9zpAc7PVeoAydmbfVIL
Last Nite,The Strokes,3SUusuA9jH1v6PVwtYMbdv
Lego House,Ed Sheeran,5ubHAQtKuFfiG4FXfLP804
Light It Up (feat. Nyla & Fuse ODG) [Remix],Major Lazer,NOT_FOUND
Loba,Shakira,1fPCGREltHJuV3axEPydLp
Look Alive (feat. Drake),BlocBoy JB,NOT_FOUND
Love Lies (with Normani),Khalid,NOT_FOUND
Love Song,Sara Bareilles,4E6cwWJWZw2zWf7VFbH7wf
Loyal (feat. Lil Wayne & Tyga),Chris Brown,NOT_FOUND
Lust For Life (with The Weeknd),Lana Del Rey,NOT_FOUND
Magic,Coldplay,23khhseCLQqVMCIT1WMAns
Meet Me Halfway,Black Eyed Peas,0xfpx7AiwgSKEtjotea2L6
Moth To A Flame (with The Weeknd),Swedish House Mafia,0VO8gYVDSwM1Qdd2GsMoYK
My Band,D12,4XHQyvbrBsQaaBUW1VvmsL
My Love (feat. T.I.),Justin Timberlake,NOT_FOUND
Need You Now,Lady A,11EX5yhxr9Ihl3IN1asrfK
Never Forget You,Zara Larsson,6hmhG1b4LEyNuashVvuIAo
Obsessed,Mariah Carey,3IcIIZMMS7UArJJPtEHXG8
OMG (feat. will.i.am),Usher,NOT_FOUND
On The Floor - Radio Edit,Jennifer Lopez,NOT_FOUND
Only Girl (In The World),Rihanna,2ENexcMEMsYk0rVJigVD3i
Papaoutai,Stromae,1QFw2xxyQtgKjlrMCEqsNj
Paparazzi,Lady Gaga,7Hqig8kp32q2Ire3ECQvWM
Party Rock Anthem,LMFAO,NOT_FOUND
Please Me,Cardi B,7nJ0Nz5gsmICYvbcKsT999
Prayer in C - Robin Schulz Radio Edit,Lilly Wood and The Prick,5fnA9mkIfScSqHIpeDyvck
Rather Be (feat. Jess Glynne),Clean Bandit,61dCUoMCg28qEBzrW6htYM
Run It! (feat. Juelz Santana),Chris Brown,NOT_FOUND
S&M,Rihanna,7ySUcLPVX7KudhnmNcgY2D
Send My Love (To Your New Lover),Adele,4BHzQ9C00ceJxfG16AlNWb
She Looks So Perfect,5 Seconds of Summer,1gugDOSMREb34Xo0c1PlxM
Sit Still, Look Pretty,Daya,NOT_FOUND
Suddenly I See,KT Tunstall,5p9XWUdvbUzmPCukOmwoU3
Suga Suga,Baby Bash,NOT_FOUND
Summertime Sadness (Lana Del Rey Vs. Cedric Gervais) - Cedric Gervais Remix,Lana Del Rey,7xe9vBhh7elaVAa2ZvuAYM
Superheroes,The Script,37sINbJZcFdHFAsVNsPq1i
Sweet Nothing (feat. Florence Welch),Calvin Harris,24LS4lQShWyixJ0ZrJXfJ5
Symphony (feat. Zara Larsson),Clean Bandit,72gv4zhNvRVdQA0eOenCal
Teenage Dirtbag,Wheatus,25FTMokYEbEWHEdss5JLZS
Teenage Dream,Katy Perry,5jzKL4BDMClWqRguW5qZvh
Telephone,Lady Gaga,NOT_FOUND
Thank You,Dido,751gBcu62kORDelX7FV0mM
Therefore I Am,Billie Eilish,54bFM56PmE4YLRnqpW6Tha
These Days (feat. Jess Glynne, Macklemore & Dan Caplen),Rudimental,NOT_FOUND
Through The Wire,Kanye West,4mmkhcEm1Ljy1U9nwtsxUo
Trip,Ella Mai,6CTWathupIiDs7U4InHnDA
Waiting On the World to Change,John Mayer,5imShWWzwqfAJ9gXFpGAQh
We Belong Together,Mariah Carey,3LmvfNUQtglbTrydsdIqFU
We're Good,Dua Lipa,NOT_FOUND
What the Hell,Avril Lavigne,2z4U9d5OAA4YLNXoCgioxo
What You Know,Two Door Cinema Club,3UjtIALeg72qmJiKPWBvM3
Whatever You Like,T.I.,1IAzD1muglOxOcPbUHs70R
What's Luv? (feat. Ja-Rule & Ashanti),Fat Joe,2mKouqwAIdQnMP43zxR89r
When The Sun Goes Down,Arctic Monkeys,0ZRrJTPXDToRJ2iLo9oLrW
Where Are Ü Now (with Justin Bieber),Jack Ü,66hayvUbTotekKU3H4ta1f
Worth It (feat. Kid Ink),Fifth Harmony,41Fflg7qHiVOD6dEPvsCzO
You Found Me,The Fray,4IoYz8XqqdowINzfRrFnhi
Your Body Is a Wonderland,John Mayer,7vFv0yFGMJW3qVXbAd9BK9
2 On (feat. ScHoolboy Q),Tinashe,3jVtllWS5CFFWLQng8sKsr
Afterglow,Ed Sheeran,NOT_FOUND
Antidote,Travis Scott,1wHZx0LgzFHyeIZkUydNXq
Anyone,Justin Bieber,NOT_FOUND
Apologize,Timbaland,NOT_FOUND
At My Worst,Pink Sweat$,0ri0Han4IRJhzvERHOZTMr
Back To December,Taylor Swift,3DrjZArsPsoqbLzUZZV1Id
Baila Conmigo (with Rauw Alejandro),Selena Gomez,079Ey5uxL04AKPQgVQwx5h
Because of You,Kelly Clarkson,3f3omU8n47Mqyab5nCaGyT
Best Friend (feat. Doja Cat),Saweetie,NOT_FOUND
Billionaire (feat. Bruno Mars),Travie McCoy,NOT_FOUND
Bodak Yellow,Cardi B,6KBYefIoo7KydImq1uUQlL
Bonita,J Balvin,NOT_FOUND
Bottoms Up (feat. Nicki Minaj),Trey Songz,NOT_FOUND
Bubbly,Colbie Caillat,0rFOs9paloAvEtzwDX1Kmc
Burn,Ellie Goulding,0xMd5bcWTbyXS7wPrBtZA6
Burn,Usher,7z3N2W7Xz1t2G2sAO8wFVH
Butterfly,Crazy Town,4BggEwLhGfrbrl7JBhC8EC
Caroline,Aminé,5hTpBe8h35rJ67eAWHQsJx
Come & Get It,Selena Gomez,6LoQHIo74tOzQ8EsLEkhgF
Controlla,Drake,3O8NlPh2LByMU9lSRSHedm
Dangerous,Kardinal Offishall,NOT_FOUND
Don't,Ed Sheeran,1huvTbEYtgltjQRXzrNKGi
Don't Cha,The Pussycat Dolls,NOT_FOUND
double take,dhruv,47isJpIIO8m7BJEhiFhnaf
Drunk in Love (feat. Jay-Z),Beyoncé,NOT_FOUND
Échame La Culpa,Luis Fonsi,4mvkaRAZtSBHrVVQkUZqiq
Every Teardrop Is a Waterfall,Coldplay,2U8g9wVcUu9wsg6i7sFSv8
Far Away,Nickelback,0ADZ5dmXhlfzjMw6lefoPl
Genie In a Bottle,Christina Aguilera,11mwFrKvLXCbcVGNxffGyP
Giant (with Rag'n'Bone Man),Calvin Harris,5itOtNx0WxtJmi1TQ3RuRd
Good Life,OneRepublic,6OtCIsQZ64Vs1EbzztvAv4
Grace,Lewis Capaldi,0pEkK8MqbmGSX7fT8WLMbR
Grace Kelly,MIKA,7dzUZec5MnWMyQnk5klnKR
Green Light,Lorde,6ie2Bw3xLj2JcGowOlcMhb
Headstrong,Trapt,1AEYT6VxrxXPMoQUxsY0E4
Heroes (we could be),Alesso,5H0xR4dppOkdPqAQXd78CF
I Know What You Did Last Summer,Shawn Mendes,NOT_FOUND
I Know What You Want (feat. Flipmode Squad),Busta Rhymes,0YImOCkIJ2PWhCXaURCZnY
I Need Your Love (feat. Ellie Goulding),Calvin Harris,05SBRd4fXgn8FX7bf8BCAE
I'm with You,Avril Lavigne,1jlG3KJ3gdYmhfuySFfpO1
Jar of Hearts,Christina Perri,0HZhYMZOcUzZKSFwPOti6m
Leave a Light On,Tom Walker,6lOWoTqVnAWXchddtTH31W
Lemonade,Internet Money,NOT_FOUND
Let It Go,James Bay,13HVjjWUZFaWilh2QUJKsP
Let's Fall in Love for the Night,FINNEAS,7kQkmyoHCEqwe7QwDbkSXM
Life Is Good (feat. Drake),Future,NOT_FOUND
Lost Boy,Ruth B.,4h0zU3O9R5xzuTmNO7dNDU
Love in This Club (feat. Young Jeezy),Usher,NOT_FOUND
LoveGame,Lady Gaga,0TcJ7QWpggdSg8t0fHThHm
Money,Cardi B,2GGMabyHXnJmjY6CXhhB2e
Mr. Saxobeat - Radio Edit,Alexandra Stan,NOT_FOUND
My Love (feat. Jess Glynne),Route 94,61UQzeiIluhpzpMdY4ag3q
No Air (feat. Chris Brown),Jordin Sparks,NOT_FOUND
No Type,Rae Sremmurd,4scpF6J5uMBvoh6sFB7EL1
Primadonna,MARINA,5tFMuAw6X2R4NLx97g7n9q
Reality,Lost Frequencies,1Mys1gf9SkMBAVGGxpkJ7d
Rehab,Amy Winehouse,1L5tZi0izXsi5Kk5OJf4W0
Remember the Name (feat. Styles of Beyond),Fort Minor,6ljbkNIzfmFrGyYUTUAleN
Replay,Iyaz,5vlEg2fT4cFWAqU5QptIpQ
Rise,Jonas Blue,5ZSl6gDoV6bPPxzmLeneV9
River (feat. Ed Sheeran),Eminem,NOT_FOUND
Roar,Katy Perry,6F5c58TMEs1byxUstkzVeM
Shape of My Heart,Backstreet Boys,35o9a4iAfLl5jRmqMX9c1D
Shotta Flow (feat. Blueface) [Remix],NLE Choppa,NOT_FOUND
Since U Been Gone,Kelly Clarkson,3xrn9i8zhNZsTtcoWgQEAd
Sky Walker (feat. Travis Scott),Miguel,NOT_FOUND
Slide (feat. Frank Ocean & Migos),Calvin Harris,6gpcs5eMhJwax4mIfKDYQk
SOS (feat. Aloe Blacc),Avicii,2x0RZdkZcD8QRI53XT4GI5
Spectrum (Say My Name) - Calvin Harris Remix,Florence + The Machine,NOT_FOUND
Speed of Sound,Coldplay,7clUVcSOtkNWa58Gw5RfD4
Swervin (feat. 6ix9ine),A Boogie Wit da Hoodie,NOT_FOUND
Taki Taki (feat. Selena Gomez & Ozuna & Cardi B),DJ Snake,NOT_FOUND
Tequila,Dan + Shay,42fw0rxRO2xbesF6mJfd4Y
The One That Got Away,Katy Perry,6hkOqJ5mE093AQf2lbZnsG
Unsteady,X Ambassadors,7lGKEWMXVWWTt3X71Bv44I
What’s Next,Drake,NOT_FOUND
When Love Takes Over (feat. Kelly Rowland),David Guetta,77FULy278MulVvGWS8BfK7
When You Love Someone,James TW,0TXNKTzawI6VgLoA9UauRp
X Gon' Give It To Ya,DMX,1zzxoZVylsna2BQB65Ppcb
Yo (Excuse Me Miss),Chris Brown,7DFnq8FYhHMCylykf6ZCxA
You,Lloyd,NOT_FOUND
You Make It Easy,Jason Aldean,6EGAfJaLUFzhS4zRBIEQ2J
03' Bonnie & Clyde,JAY-Z,NOT_FOUND
Alejandro,Lady Gaga,4lwavw59UjXUPJZtKNdFYp
Alone,Marshmello,3MEYFivt6bilQ9q9mFWZ4g
A-Punk,Vampire Weekend,1595LW73XBxkRk2ciQOHfr
Back To You,Selena Gomez,514rhnksEwHUh6LxXsQ4Y9
Bulletproof,La Roux,6lUY6MoqGgPnA27PHYxem5
Burnin' Up,Jonas Brothers,2VEsmoek0sol9MnJFyoG9e
Cold (feat. Future),Maroon 5,NOT_FOUND
Cold Water (feat. Justin Bieber & MØ),Major Lazer,NOT_FOUND
Crack A Bottle,Eminem,NOT_FOUND
Day 'N' Nite (Nightmare),Kid Cudi,5FEXPoPnzueFJQCPRIrC3c
do re mi,blackbear,3Q3myFA7q4Op95DOpHplaY
ELEMENT.,Kendrick Lamar,1EaKU4dMbesXXd3BrLCtYG
Empire State of Mind (Part II) Broken Down,Alicia Keys,5sra5UY6sD658OabHL3QtI
Everything,Michael Bublé,4T6HLdP6OcAtqC6tGnQelG
Fetish (feat. Gucci Mane),Selena Gomez,4lnAN2S1fcI0SjxEbksZVr
Fire Burning,Sean Kingston,2oENJa1T33GJ0w8dC167G4
Follow Me,Uncle Kracker,4KoecuyOpZaNFZ0UqVsllc
Hate That I Love You,Rihanna,NOT_FOUND
High By The Beach,Lana Del Rey,7g3htkaLz4ETFn0cifwM3y
Higher,Creed,1ZozJfi8u9cO2Ob8KwiwNT
Hold Back The River,James Bay,7tmtOEDxPN7CWaQWBsG1DY
Home,Phillip Phillips,4rsW3WCZBGwhHfJWuHRwyT
Hot N*gga,Bobby Shmurda,19gEmPjfqSZT0ulDRfjl0m
How Do You Sleep?,Sam Smith,6b2RcmUt1g9N9mQ3CbjX2Y
Hurricane,Kanye West,NOT_FOUND
Hurts So Good,Astrid S,46ydq5g3k17iLJs3qMDvO6
I Kissed A Girl,Katy Perry,005lwxGU1tms6HGELIcUv9
I Need a Girl (Pt. 2) [feat. Loon & Ginuwine & Mario Winans],Diddy,NOT_FOUND
I'm Like A Bird,Nelly Furtado,4sUoWHVnJl8z3t4zdqf6xB
I'm Still in Love with You (feat. Sasha),Sean Paul,3MhdH8PxqH1FuQp3HBptUI
Jackie Chan,Tiësto,4kWO6O1BUXcZmaxitpVUwp
Jenny from the Block (feat. Jadakiss & Styles P.) - Track Masters Remix,Jennifer Lopez,NOT_FOUND
Jumpin' Jumpin',Destiny's Child,NOT_FOUND
Jumpman,Drake,NOT_FOUND
King,Years & Years,5Z3zRrMIJk7CVpfcLsM9wD
Kiss Kiss (feat. T-Pain),Chris Brown,NOT_FOUND
Look At Me Now (feat. Lil' Wayne & Busta Rhymes),Chris Brown,NOT_FOUND
Man Of The Year,ScHoolboy Q,5SsR3wtCOafDmZgvIdRhSm
Mercy,Kanye West,NOT_FOUND
Never Say Never,Justin Bieber,NOT_FOUND
On The Ground,ROSÉ,2xgACMNtJ5YktyvOC83SPO
One Only,Pamungkas,NOT_FOUND
Otro Trago,Sech,NOT_FOUND
Party Up,DMX,0LWkaEyQRkF0XAms8Bg1fC
Pesan Terakhir,Lyodra,NOT_FOUND
Ride,Lana Del Rey,3l2S2RkGG4lbh7WqmCV3NB
Right Now (Na Na Na),Akon,1ARJhjuI6TNYZCxYygFQ4F
Roses,Outkast,6bUNEbXT7HovLW6BgPCBsb
Same Old Love,Selena Gomez,1BZG99C7Co1r6QUC3zaS59
She Doesn't Mind,Sean Paul,1zZIGnXIcDKU8QIUkR20nK
She Hates Me,Puddle Of Mudd,16DhvbuyvJob4Q9GHNYu2n
She Moves In Her Own Way,The Kooks,2SGBEDwsOAOAHrrdAd304i
Shivers,Ed Sheeran,1euRAecw6xEwkt6lPXMbFP
Skinny Love,Birdy,4RL77hMWUq35NYnPLXBpih
Skinny Love,Bon Iver,2cbic3TiUENlJX91y67ARR
Someday,The Strokes,7hm4HTk9encxT0LYC0J6oI
Someday,Nickelback,4PkJ7c9y1CwpuVOiJODnCZ
Sway,Michael Bublé,2ajUl8lBLAXOXNpG4NEPMz
Taste (feat. Offset),Tyga,NOT_FOUND
Te Amo,Rihanna,4YYHgF9dWyVSor0GtrBzdf
Time to Pretend,MGMT,4iG2gAwKXsOcijVaVXzRPW
Too Little Too Late,JoJo,NOT_FOUND
Touch The Sky,Kanye West,NOT_FOUND
Trouble,Cage The Elephant,5n0CTysih20NYdT2S0Wpe8
Tuesday (feat. Danelle Sandoval),Burak Yeter,7EVk9tRb6beJLTHrg6AkY9
U Got It Bad,Usher,7J41dYQolQJEtj3UmKLu5r
U Remind Me,Usher,2QsZVnbWVSjKMXK6K3uRBL
Unfaithful,Rihanna,13xxBnXOuiBxVxJI458B0i
Up,Cardi B,NOT_FOUND
Water Under the Bridge,Adele,4vb4mFvYsr2h6enhjJsq9Y
We R Who We R,Kesha,3LUWWox8YYykohBbHUrrxd
What Goes Around.../...Comes Around (Interlude),Justin Timberlake,3pD0f7hSJg2XdQ6udw5Tey
Whatcha Say,Jason Derulo,67T6l4q3zVjC5nZZPXByU8
When I Grow Up,The Pussycat Dolls,21pySLskKIKrhDziCX5ojQ
Whoopty,CJ,5vGLcdRuSbUhD8ScwsGSdA
Without You (feat. Usher),David Guetta,3UN6cIn3VIyg0z1LCuFSum
WITHOUT YOU (with Miley Cyrus),The Kid LAROI,NOT_FOUND
1 2 3 (feat. Jason Derulo & De La Ghetto),Sofía Reyes,NOT_FOUND
7 Days,Craig David,0gPQTLaqHDgdupKEok7J2x
All My Friends (feat. Tinashe & Chance the Rapper),Snakehips,NOT_FOUND
All Night,The Vamps,NOT_FOUND
Amazed,Lonestar,6iNcyWk5iUEY7P9zeTc5hm
As Good As I Once Was,Toby Keith,7G6l2FtQyRhQgYgut2I6i8
Bad Things (with Camila Cabello),Machine Gun Kelly,NOT_FOUND
Banana Pancakes,Jack Johnson,451GvHwY99NKV4zdKPRWmv
Bangarang (feat. Sirah),Skrillex,6VRhkROS2SZHGlp0pxndbJ
Beautiful Soul,Jesse McCartney,1HwpWwa6bnqqRhK8agG4RS
BedRock,Young Money,NOT_FOUND
Beggin (original version),Madcon,NOT_FOUND
Beverly Hills,Weezer,1yKu2MhpwzDXXH2tzG6xoa
Big Girls Don't Cry (Personal),Fergie,3Q4WeJmzxuDpzMu9QjQqbM
Big Pimpin',JAY-Z,NOT_FOUND
Body,Megan Thee Stallion,NOT_FOUND
Brianstorm,Arctic Monkeys,5rTIpPWeO0IL4HWlGWrz5G
Confessions Part II,Usher,7wBThXx7BGZHJJ3aN3OPvv
Do It Again,Pia Mia,NOT_FOUND
Donald Trump,Mac Miller,3uulVrxiI7iLTjOBZsaiF8
emotions,iann dior,5ls62WNKHUUrdF3r1cv83T
FEFE,6ix9ine,1M6SuEJZJkZf2S419vIPkB
Get the Party Started,P!nk,02jcEwywffn3Tsb48fXmlW
Goodbye My Lover,James Blunt,6gxycjJNMgmAyfzUXBN80P
Hold On,Justin Bieber,1gMnyo0OUAL6HDJ39lyVwU
Hollaback Girl,Gwen Stefani,0LzrhCZFXW94Y8nwtTuRlw
Home,Michael Bublé,4wLZ4zPM9c4oe1VV8ejdWV
Home (with Machine Gun Kelly, X Ambassadors & Bebe Rexha),Machine Gun Kelly,NOT_FOUND
I Need A Doctor,Dr. Dre,70ATm56tH7OrQ1zurYssz0
If U Seek Amy,Britney Spears,2hdy9Wt9qp7M7d0U3ossu2
I'm a Slave 4 U,Britney Spears,6ldwfK0yWgTAlmIfuQkTYN
I'm Sprung,T-Pain,0F7rEdewJ6cSLylOZZpDu7
I'm the One (feat. Justin Bieber, Quavo, Chance the Rapper & Lil Wayne),DJ Khaled,NOT_FOUND
Irreplaceable,Beyoncé,1G7DcLzPnopdZjLkev0K4e
iSpy (feat. Lil Yachty),KYLE,NOT_FOUND
Let Her Go,Passenger,0JmiBCpWc1IAc0et7Xm7FL
Lollipop,Lil Wayne,NOT_FOUND
Lost Cause,Billie Eilish,4TmPunCnlJjiKu2iYhqapU
MotorSport,Migos,NOT_FOUND
My Sacrifice,Creed,2VSbEXqs6NbNiZSTcHlIDR
New Flame (feat. Usher & Rick Ross),Chris Brown,NOT_FOUND
No Limit,G-Eazy,2DQ1ITjI0YoLFzuADN1ZBW
One Time,Justin Bieber,6eDApnV9Jdb1nYahOlbbUh
Panini,Lil Nas X,1000nHvUdawXuUHgBod4Wv
Play Hard (feat. Ne-Yo & Akon),David Guetta,2QD4C6RRHgRNRAyrfnoeAo
Plug Walk,Rich The Kid,1ZAyjvIk9YiD76yYy0TEG6
Pray For Me (with Kendrick Lamar),The Weeknd,NOT_FOUND
Princess of China,Coldplay,NOT_FOUND
Rockstar,Nickelback,6n9yCXvLhnYMgJIiIcMu7D
Sandstorm,Darude,2lylyZl9S7rbp2FUP5IS0r
Saturday Sun,Vance Joy,2RiBogNRfulkNf7fVbPOrJ
Say Something (feat. Chris Stapleton),Justin Timberlake,NOT_FOUND
Shut Up And Drive,Rihanna,4Tn2llBm1g0UlWctmgPL8Z
Sing,Ed Sheeran,6K8qKeWo5MsFED7wCR6Kop
Sit Next to Me,Foster The People,4BdGO1CaObRD4La9l5Zanz
Skate,Bruno Mars,7L3fJyDWjGnLnfw2errcOV
Slide Away,Miley Cyrus,44ADyYoY5liaRa3EOAl4uf
Slow Jamz,Twista,NOT_FOUND
Smile,Lily Allen,4aR9bPMAOFySBuQSbVWF3d
Sofia,Alvaro Soler,1byfhRPkrLvnQ4ib1SWNxQ
Sonnentanz - Sun Don't Shine,Klangkarussell,NOT_FOUND
Spotlight,Marshmello,6VrCmhRBFnuGKmtNfk4jDs
Stickwitu,The Pussycat Dolls,4NjR63Up0uMkQBlKvlZd1l
Stop Crying Your Heart Out,Oasis,0SlpFHdk4UHBDzCEoXzy14
Suge,DaBaby,2gwkD6igEhQbDQegRCcdoB
Survivor,Destiny's Child,NOT_FOUND
Talk (feat. Disclosure),Khalid,NOT_FOUND
The Ocean (feat. Shy Martin),Mike Perry,2CPqh63wRVscbceKcPxwvv
The Show Goes On,Lupe Fiasco,4NTWZqvfQTlOMitlVn6tew
The Time (Dirty Bit),Black Eyed Peas,7vWFaMq63AwkFDhS2OAg5u
This Ain't A Scene, It's An Arms Race,Fall Out Boy,NOT_FOUND
This Is America,Childish Gambino,0b9oOr2ZgvyQu88wzixux9
Thong Song,Sisqo,5Mmk2ii6laakqfeCT7OnVD
Tonight Tonight,Hot Chelle Rae,2i0AUcEnsDm3dsqLrFWUCq
Turn Down for What,DJ Snake,67awxiNHNyjMXhVgsHuIrs
We Own It (Fast & Furious),2 Chainz,NOT_FOUND
Youth of the Nation,P.O.D.,0UrWr7Jnu1heq1o99ZwUd0
7/11,Beyoncé,NOT_FOUND
A Milli,Lil Wayne,6ScJMrlpiLfZUGtWp4QIVt
After School,Weeekly,52CBUrIdyf8tbZaUY9iawE
Again,Lenny Kravitz,5c1QJAiC3773EwiZLwHf5x
Alaska,Maggie Rogers,4HfLQJtVT1KiX1eVedDyTm
Axel F,Crazy Frog,2Ea1iuiNtpR9BcFlQYRE5d
Bailando - Spanish Version,Enrique Iglesias,637bsehtpL2oJruOEL6lZ7
Beautiful,Christina Aguilera,3TCauNPqFiniaYHBvEVoHG
Beneath Your Beautiful (feat. Emeli Sandé),Labrinth,NOT_FOUND
Best Thing I Never Had,Beyoncé,3lBRNqXjPp2j3JMTCXDTNO
Better,Khalid,6zeeWid2sgw4lap2jV61PZ
Boom Boom Pow,Black Eyed Peas,7xRNsqOQOgWbHV1nbXnfXN
Bounce Back,Big Sean,0SGkqnVQo9KPytSri1H6cF
Breathless,The Corrs,5OQGeJ1ceykovrykZsGhqL
Broken Strings,James Morrison,NOT_FOUND
Buttons,The Pussycat Dolls,3BxWKCI06eQ5Od8TY2JBeA
Candy,Robbie Williams,5NlFXQ0si6U87gXs6hq81B
Can't Fight The Moonlight,LeAnn Rimes,2AogRMqARWyUP7VQ3gmSoY
Clout (feat. Cardi B),Offset,NOT_FOUND
Corazón (feat. Nego do Borel),Maluma,5cepAtqnEQ6yVG6088zMMu
Country Grammar (Hot Shit),Nelly,3wMUvT6eIw2L5cZFG1yH9j
Dakota,Stereophonics,3qaSqrrevBrb84xl5JlptU
Daylight,Maroon 5,6TwfdLbaxTKzQi3AgsZNzx
Deuces (feat. Tyga & Kevin McCall),Chris Brown,NOT_FOUND
Do You Remember,Jay Sean,NOT_FOUND
Don't Wanna Know (feat. Kendrick Lamar),Maroon 5,NOT_FOUND
DONTTRUSTME,3OH!3,5jzX4dWVQeBTtfBaXnMRt5
DUELE EL CORAZON (feat. Wisin),Enrique Iglesias,NOT_FOUND
Fancy,Iggy Azalea,NOT_FOUND
Freaky Friday (feat. Chris Brown),Lil Dicky,6dbSBQXCctYSVryynHXaZ4
Get Up (Rattle) [feat. Far East Movement] - Vocal Edit,Bingo Players,3wLPRjw2XQpmowqXUXb3UF
Get Ur Freak On,Missy Elliott,6zsk6uF3MxfIeHPlubKBvR
Gives You Hell,The All-American Rejects,6ihL9TjfRjadfEePzXXyVF
H.O.L.Y.,Florida Georgia Line,0BCy325UZyR9z0t0uxwn2N
Hands To Myself,Selena Gomez,1LoriJC05IrHIDwj3q0KC1
Haven't Met You Yet,Michael Bublé,4fIWvT19w9PR0VVBuPYpWA
He Wasn't Man Enough,Toni Braxton,7f1Dmr246cJ9uQYdbplTbh
Here,Alessia Cara,1wYZZtamWTQAoj8B812uKQ
Higher Power,Coldplay,0Cr69H8rDTrwIkJV27sUYj
I Believe in a Thing Called Love,The Darkness,756CJtQRFSxEx9jV4P9hpA
I Could Be The One (Avicii Vs. Nicky Romero) - Radio Edit,Avicii,21Ci0rT8NiAvCZKouM8O9G
I Don't Wanna Know (feat. Enya & P. Diddy) - 2016 Remaster,Mario Winans,NOT_FOUND
I Love It (feat. Charli XCX),Icona Pop,6HZ9VeI5IRFCNQLXhpF4bq
I Write Sins Not Tragedies,Panic! At The Disco,4bPQs0PHn4xbipzdPfn6du
I'm On One,DJ Khaled,NOT_FOUND
It Girl,Jason Derulo,4fINc8dnfcz7AdhFYVA4i7
Jesus Walks,Kanye West,5g1vtHqi9uV7xtYeCcFOBx
"Just Like Fire (From the Original Motion Picture ""Alice Through The Looking Glass"")",P!nk,NOT_FOUND
Just Lose It,Eminem,0qcjuYtMWhBjXg0Xwt5SzS
Keep Your Head Up,Andy Grammer,4Jz4bjXeiF2SXVj9P4YfY5
Kenangan Manis,Pamungkas,NOT_FOUND
King's Dead (with Kendrick Lamar & Future & James Blake),Jay Rock,NOT_FOUND
Lifestyles of the Rich & Famous,Good Charlotte,2g2a5kDeZexbUTD8abcvm6
Live Like You Were Dying,Tim McGraw,7B1QliUMZv7gSTUGAfMRRD
Lose Yourself to Dance (feat. Pharrell Williams),Daft Punk,NOT_FOUND
Mercy,Duffy,78twQ5XCFJMTE37ZSU0gsj
More - RedOne Jimmy Joker Remix,Usher,0aBKFfdyOD1Ttvgv0cfjjJ
Motivation,Normani,0rIAC4PXANcKmitJfoqmVm
My Humps,Black Eyed Peas,19JdbdEwQI7bCxefMokZO8
My Love,Westlife,5p0ietGkLNEqx1Z7ijkw5g
My Type,Saweetie,5KBARWIxeMGkvUax9VtVC9
Over My Head (Cable Car),The Fray,1N62wozuHCvczCkY4QidpP
Panda,Desiigner,275a9yzwGB6ncAW4SxY7q3
Pjanoo - Radio Edit,Eric Prydz,0F2BxpbxH8Yc3pLub48hrb
Pocketful of Sunshine,Natasha Bedingfield,1uigwk5hNV84zRd5YQQRTk
Post to Be (feat. Chris Brown & Jhene Aiko),Omarion,NOT_FOUND
Ready or Not,Bridgit Mendler,5xvUgoVED1F4mBu8FL0HaW
Ridin',Chamillionaire,NOT_FOUND
Right Above It,Lil Wayne,NOT_FOUND
Rock DJ,Robbie Williams,7oQSevUCbYs4QawXTHQVV1
Rock Wit U (Awww Baby),Ashanti,6pWzCKTrKrwbUPzY8RLCoP
Savin' Me,Nickelback,4Gd9PUEuOTOJtbgd4YxLXM
Second Chance,Shinedown,0CwYG1UnRmOx8Q1EzElCIL
September Song,JP Cooper,0zbzrhfVS9S2TszW3wLQZ7
Sexy And I Know It,LMFAO,0obBFrPYkSoBJbvHfUIhkv
Sexy Love,Ne-Yo,10aWGOqSDBqvNzJ9NeKDbK
Show Me (feat. Chris Brown),Kid Ink,NOT_FOUND
Slippery (feat. Gucci Mane),Migos,NOT_FOUND
Some Nights,fun.,6t6oULCRS6hnI7rm0h5gwl
Superstar,Jamelia,3oobWqIgYrSRg18uqRuPIF
Sweat - Remix,Snoop Dogg,0R7YVi7w41Dr9jU5vblAok
The Edge Of Glory,Lady Gaga,0JNdS1n0ifOP25XvhwAMgM
The Greatest (feat. Kendrick Lamar),Sia,NOT_FOUND
The Sweet Escape,Gwen Stefani,NOT_FOUND
The Way You Move (feat. Sleepy Brown),Outkast,NOT_FOUND
This Is What It Feels Like,Armin van Buuren,5GjnIpUlLGEIYk052ISOw9
Touch My Body,Mariah Carey,4VcumP0Gs84VTIxSHGyvnu
True Love (feat. Lily Allen),P!nk,NOT_FOUND
Turn Me On,Kevin Lyttle,0RmXtDH1cBMGImRrmn5xL6
What Hurts The Most,Rascal Flatts,4bVuIlGQBMWS7vIhcx8Ae4
When I'm Gone,Eminem,2lRI7n5b9jlPYsEpRuots6
When I'm Gone,3 Doors Down,3WbphvawbMZ8FyqDxYGdSQ
Wherever I Go,OneRepublic,7kftK4n15rl1wbpfjSq2Tk
Who's That Chick? (feat. Rihanna),David Guetta,3FrX3mx8qq7SZX2NYbzDoj
Wide Awake,Katy Perry,5JLv62qFIS1DR3zGEcApRt
Work Bitch,Britney Spears,3KliPMvk1EvFZu9cvkj8p1
Work It,Missy Elliott,3jagJCUbdqhDSPuxP8cAqF
Yeah 3x,Chris Brown,2QtxlzvSBONjs1bDC34ixs
You Da One,Rihanna,3Yt9lRtS5V4nbJnwcgFgvC
You Know You Like It,DJ Snake,57kR5SniQIbsbVoIjjOUDa
You Make Me Feel... (feat. Sabi),Cobra Starship,16Of7eeW44kt0a1M0nitHM
Your Love Is My Drug,Kesha,6vc2Jq2vaGu8z326kSrw92
2 Phones,Kevin Gates,0wdKiSBUT7aZkXUIdJWcwC
All Eyes on You (feat. Chris Brown & Nicki Minaj),Meek Mill,NOT_FOUND
Arcade (feat. FLETCHER),Duncan Laurence,NOT_FOUND
Ayo Technology,50 Cent,NOT_FOUND
Baby Boy (feat. Sean Paul),Beyoncé,NOT_FOUND
Barking,Ramz,2U5cq89GCnsR1yixKkC8d5
Be Careful,Cardi B,2Yl4OmDby9iitgNWZPwxkd
Big Green Tractor,Jason Aldean,4KAzYqfcijCSZa2P3etHoM
Birthday Sex,Jeremih,4NpDZPwSXmL0cCTaJuVrCw
Blow,Kesha,3pYDZTJM2tVBUhIRifWVzI
Carry Out (Featuring Justin Timberlake),Timbaland,NOT_FOUND
Chocolate,The 1975,44Ljlpy44mHvLJxcYUvTK0
Close,Nick Jonas,NOT_FOUND
Coming Home,Diddy - Dirty Money,NOT_FOUND
Diamonds,Rihanna,1z9kQ14XBSN0r2v6fx4IdG
Dick (feat. Doja Cat),StarBoi3,NOT_FOUND
Dirrty (feat. Redman),Christina Aguilera,NOT_FOUND
E.T.,Katy Perry,4kkeuVl6gF3RMqE4Nn5W3E
Fast Car,Jonas Blue,1SN1vSPsr4V4tIUTR3s8YW
Hero,Enrique Iglesias,24Gxm7Eh7tO83E26LG0CsY
Hit 'Em Up Style (Oops!),Blu Cantrell,4zYTZvtcww7OWKie7fxA9E
I Just Couldn't Save You Tonight - Story of Kale - Original Motion Picture Soundtrack,Ardhito Pramono,NOT_FOUND
I Miss You (feat. Julia Michaels),Clean Bandit,0Ult84lvFuqNvbyXwyRQ58
I Need A Dollar,Aloe Blacc,6q1qACcezH6eH77Xljh5QV
If We Ever Meet Again (Featuring Katy Perry),Timbaland,NOT_FOUND
In the Shadows,The Rasmus,1fr92Vupmcs2vgLMFVQ7rd
It's Only Me - Studio Version,Kaleb J,NOT_FOUND
It's You,Sezairi,7rdnB5DAyPbaj51TCQRcqW
Just Like a Pill,P!nk,1BpV8IGf4XsRRJf4Xuui9q
Ladbroke Grove,AJ Tracey,NOT_FOUND
Landslide,The Chicks,5hviCr3lgg6LY6noG6DPKs
Last Request,Paolo Nutini,6xM8oBy40nK1rOd8WmoOPx
Leave Me Alone,Flipp Dinero,6V7g6qM8wheMivMWrzbPTM
Let Me Love You (Until You Learn To Love Yourself),Ne-Yo,4kte3OcW800TPvOVgrLLj8
Like Toy Soldiers,Eminem,6CN3e26iQSj1N5lomh0mfO
Little Lion Man,Mumford & Sons,6JnufVNLIO5F5Lk4sEVLeI
Lost Without You,Freya Ridings,3cWI6Hj9LQ0MfMuhw9uSMc
Lovers And Friends,Lil Jon & The East Side Boyz,NOT_FOUND
Man Down,Rihanna,454h9zAIuTe1eJyw9iTnj4
Maps,Yeah Yeah Yeahs,0hDQV9X1Da5JrwhK8gu86p
Mine,Taylor Swift,0dBW6ZsW8skfvoRfgeerBF
Move Ya Body,Nina Sky,NOT_FOUND
My Life Would Suck Without You,Kelly Clarkson,4Dm32oO01YpIubCHaAtKkN
Nasty Girl (feat. Diddy & Nelly & Jagged Edge & Avery Storm) - 2005 Remaster,The Notorious B.I.G.,NOT_FOUND
Oblivion,Grimes,4P6n0udLAnmCNXVcobYbsK
One Day / Reckoning Song (Wankelmut Remix) - Radio Edit,Asaf Avidan,NOT_FOUND
Out Of Reach,GABRIELLE,0g9ne3xgPwtCj4W7QR7RFY
Picture (feat. Sheryl Crow),Kid Rock,69j0KoPJuwpnbGWrfn7Yll
Please Don't Go,Joel Adams,3cNjgVBKTJ1SvKhunrCdVy
Rich Girl,Gwen Stefani,NOT_FOUND
Right Thurr,Chingy,0l3GEbH3CviUytD6iX4wzg
Rock This Party - Everybody Dance Now,Bob Sinclar,0Qn0i8df7Q76ej3RAXAtI2
Rumors (feat. Cardi B),Lizzo,NOT_FOUND
See You Again,Miley Cyrus,0G71WvIkF2K6HViJeFvOcM
Shake It Out,Florence + The Machine,4lY95OMGb9WxP6IYut64ir
Single Ladies (Put a Ring on It),Beyoncé,5R9a4t5t5O0IsznsrKPVro
Solo Dance,Martin Jensen,3hRi7ubt1NhroxTrdnjn4w
Stay,Rihanna,NOT_FOUND
Steady, As She Goes,The Raconteurs,NOT_FOUND
Strip That Down (feat. Quavo),Liam Payne,NOT_FOUND
Sunset Lover,Petit Biscuit,0hNduWmlWmEmuwEFcYvRu1
Take It Off,Kesha,0WCiI0ddWiu5F2kSHgfw5S
Toosie Slide,Drake,127QTOFJsJQp5LbJbu3A1y
You Don't Own Me (feat. G-Eazy),SAYGRACE,NOT_FOUND
You Rock My World,Michael Jackson,1Lhwn4PqeGpM4LTVUowW76
Youngblood,5 Seconds of Summer,2iUXsYOEPhVqEBwsqP70rE
Yummy,Justin Bieber,4yxi9Jex4hlWmcPHUPPMNG
Absolutely (Story of a Girl) - Radio Mix,Nine Days,3mNecsYFb6LQg7822DPXCP
Ain't No Rest For The Wicked - Original Version,Cage The Elephant,NOT_FOUND
All Time Low,Jon Bellion,0SuLAslEMFZAXf0SwY7syi
As Long As You Love Me,Justin Bieber,NOT_FOUND
Battle Scars (with Guy Sebastian),Lupe Fiasco,NOT_FOUND
Be Without You - Kendu Mix,Mary J. Blige,2YegxR5As7BeQuVp2U6pek
Because I Got High,Afroman,0rRboI6IRuGx56Dq3UdYY4
Black Widow,Iggy Azalea,NOT_FOUND
Blow Me (One Last Kiss),P!nk,4k80K0b6KZ2QjAYkXON7q6
Boo'd Up,Ella Mai,0At2qAoaVjIwWNAqrscXli
Bye Bye Bye,*NSYNC,62bOmKYxYg7dhrC6gH9vFn
Cheap Thrills (feat. Sean Paul),Sia,6b3b7lILUJqXcp6w9wNQSm
Closer,Ne-Yo,2XbfY2O2v3xwedUJ0J2kkr
Cry for You,September,4s3CHmungRHAI5ho2edqXb
Dead And Gone,T.I.,NOT_FOUND
Differences,Ginuwine,0Uyh92tLyb9JawG8lmWCzJ
Dragostea din tei,O-Zone,4nnHlGaBwJHb1rBetqj0Yl
Drift Away,Uncle Kracker,0RFgvrhkf9FiDRLA0BhzpZ
Fallin',Alicia Keys,3unsLiH5FXmaDWtT5Imolu
Fighter,Christina Aguilera,7nXq1vaZiz7PdbfojpPjW5
For the First Time,The Script,09ZcYBGFX16X8GMDrvqQwt
Frontin' (feat. Jay-Z) - Club Mix,Pharrell Williams,NOT_FOUND
Gecko (Overdrive) - Radio Edit,Oliver Heldens,483XiZ5o13Cc1zoWV7jGml
Ghetto Gospel,2Pac,7jLbTp3qZzah9kMIdW8e5M
Gimme That,Chris Brown,53ETzLQQKFCzykRbqWb1ph
Goodies (feat. Petey Pablo),Ciara,NOT_FOUND
High Hopes,Kodaline,6KkyuDhrEhR5nJVKtv9mCf
Homemade Dynamite (Feat. Khalid & Post Malone & SZA) - REMIX,Lorde,NOT_FOUND
I Cry,Flo Rida,4bZd0nRuX8HyjeXAUBczvm
I Don't Like It. I Love It (feat. Robin Thicke & Verdine White),Flo Rida,NOT_FOUND
I Got U,Duke Dumont,68RzzvNAouCnFoLQB2G7NV
I'm A Believer,Smash Mouth,NOT_FOUND
I'm Upset,Drake,3qN5qMTKyEEmiTZD38BNTT
Impossible,Shontelle,45EDI3rk0f4cAMt9f8b56R
Into You (feat. Tamia),Fabolous,NOT_FOUND
It's A Vibe,2 Chainz,NOT_FOUND
Leave (Get Out),JoJo,NOT_FOUND
Light On,Maggie Rogers,6UnCGAEmrbGIOSmGRZQ1M2
Lighters,Bad Meets Evil,NOT_FOUND
Locked Up,Akon,46txlkRpOA5RRkytXVSUwn
Lose Control (feat. Ciara & Fat Man Scoop),Missy Elliott,NOT_FOUND
Love Don't Cost a Thing,Jennifer Lopez,1fgvJXlcZ7uIddMpqsqw0L
Love Is A Losing Game,Amy Winehouse,570ZDO2Lmh6NQChOU5xPUL
Lucky,Britney Spears,2TTYIwTM2iLC1YOyHuhRMt
LUV,Tory Lanez,16Ah4QqH4mgYVXqfC4mdSd
m.A.A.d city,Kendrick Lamar,NOT_FOUND
Mad Love,Mabel,6ImEBuxsbuTowuHmg3Z2FO
Milkshake,Kelis,4LmzPJDil70LpiApWfOI6O
Move Your Feet,Junior Senior,4jacsL77ZYnpInmTtUBaJW
My Chick Bad,Ludacris,NOT_FOUND
Never Say Never,The Fray,57uX2vR9j9DNiANDYfXw1i
New Shoes,Paolo Nutini,265Anh9hGoozFigjUVLUeD
No Money,Galantis,0gb1J5UrTpzaU1s3nupgCd
Post Malone (feat. RANI),Sam Feldt,36orMWv2PgvnzXsd5CJ0yL
Prayer in C - Robin Schulz Radio Edit,Lilly Wood and The Prick,5fnA9mkIfScSqHIpeDyvck
Purple Pills,D12,5IweeQZdY5XEzStLzUJG5t
Put On,Jeezy,NOT_FOUND
Rock The Boat,Aaliyah,NOT_FOUND
Rolex,Ayo & Teo,0pSBuHjILhNEo55xK1zrRt
Rumour Has It,Adele,76N7FdzCI9OsiUnzJVLY2m
Shake It,Metro Station,5619Ojc6t9evEEs3B7Drhe
Shape of You,Ed Sheeran,7qiZfU4dY1lWllzX7mPBI3
Sing,Travis,4yA2SM7XCLkSgkBUSoZb5S
Snap Yo Fingers,Lil Jon,NOT_FOUND
Stereo Love - Edit,Edward Maya,2Xf4RoFpi7n06ppsGKbxiq
Summer Love,Justin Timberlake,1MBM7CyZbwJpVbbZJnHHRg
Talking Body,Tove Lo,2tpfxAXiI52znho4WE3XFA
The London (feat. J. Cole & Travis Scott),Young Thug,NOT_FOUND
There for You,Martin Garrix,6jA8HL9i4QGzsj6fjoxp8Y
Thinking About You (feat. Ayah Marar),Calvin Harris,1KtD0xaLAikgIt5tPbteZQ
This One's for You (feat. Zara Larsson) (Official Song UEFA EURO 2016),David Guetta,46NBoIAHrmR7qcUGCIFEjR
Try Again,Aaliyah,NOT_FOUND
T-Shirt,Migos,7KOlJ92bu51cltsD9KU5I7
Unwell,Matchbox Twenty,6Bm6qUCSatPAqkQllFL7oA
Uptown Girl - Radio Edit,Westlife,2sFp6E7lNBbblJGmUtCfFH
#thatPOWER,will.i.am,NOT_FOUND
(When You Gonna) Give It Up to Me (feat. Keyshia Cole) - Radio Version,Sean Paul,5nEdwtSv0qqeE0l4o1lR4q
2U (feat. Justin Bieber),David Guetta,3A7qX2QjDlPnazUsRk5y0M
Adorn,Miguel,25cUhiAod71TIQSNicOaW3
Alive,Empire of the Sun,5WBnKCEsPwsvWHUZmLjS3s
All I Ever Wanted - Radio Edit,Basshunter,0rLLvdWX1z3UPqYa73Hhyg
All The Right Moves,OneRepublic,5XRHGXut00SrJUFmcn2lQF
Anaconda,Nicki Minaj,794F99D5BQHS5ZGRXAs7I5
Beautiful,Snoop Dogg,NOT_FOUND
Better in Time,Leona Lewis,2iXBZ32Fz5VDCLeE0JIdX5
Black Betty - Edit,Spiderbait,7uSsHbBFFAnkRQR1rDwP3L
Blah Blah Blah (feat. 3OH!3),Kesha,NOT_FOUND
Blame It,Jamie Foxx,NOT_FOUND
Bonfire Heart,James Blunt,2kvyMNHyxQt2UJ5EKvxaOC
Breathe,Faith Hill,3y4LxiYMgDl4RethdzpmNe
Burn,Ellie Goulding,0xMd5bcWTbyXS7wPrBtZA6
Crush,David Archuleta,4wCD0qOFNRu1Q6O3N6ycm4
Dance Wiv Me - Radio Edit,Dizzee Rascal,NOT_FOUND
Dancing in the Moonlight,Toploader,3Fzlg5r1IjhLk2qRw667od
Daughters,John Mayer,5FPnjikbwlDMULCCCa6ZCJ
Don't Stop the Party (feat. TJR),Pitbull,NOT_FOUND
Easy Love,Sigala,NOT_FOUND
Everyday,Logic,NOT_FOUND
Everytime,Britney Spears,0dRhSF9LV0HR8Jwd3MMMKJ
Fall for You,Secondhand Serenade,7lWF2mVr1KKbVnaT2nSlPo
Five More Hours,Deorro,3MOECVkNshqHYTPt5DZcdN
gone girl,iann dior,NOT_FOUND
Hot Girl Summer (feat. Nicki Minaj & Ty Dolla $ign),Megan Thee Stallion,NOT_FOUND
Hotter Than Hell,Dua Lipa,NOT_FOUND
I Don't Mind (feat. Juicy J),Usher,NOT_FOUND
I Hope You Dance,Lee Ann Womack,65B1tEOv5W294uCKbmEcFV
I Wanna Go,Britney Spears,5cCAZS9VhLGEDV4NCfieeg
I Wanna Know,Joe,1m2xMsxbtxv21Brome189p
If I Were a Boy,Beyoncé,26NX1wPt1TRCH536yocd6i
I'm N Luv (Wit a Stripper) (feat. Mike Jones),T-Pain,NOT_FOUND
I'm Real (feat. Ja Rule) - Murder Remix,Jennifer Lopez,NOT_FOUND
In My Head,Jason Derulo,5BoIP8Eha5hwmRVURkC2Us
Independent Women Pt. 1,Destiny's Child,NOT_FOUND
Jealous - Remix,Nick Jonas,NOT_FOUND
Just You and I,Tom Walker,2n48BjaFSczfeIG3HaIaPv
"Lady Marmalade - From ""Moulin Rouge"" Soundtrack",Christina Aguilera,NOT_FOUND
Lean Back,Terror Squad,2Ozc0me9PV5vlt8cokwdvI
Let Me Think About It,Ida Corr,NOT_FOUND
Let's Go (feat. Ne-Yo),Calvin Harris,4wkQmYpAaMe41Rc3sYZ7Vz
Let's Love,David Guetta,NOT_FOUND
Like You (feat. Ciara),Bow Wow,NOT_FOUND
MAMACITA,Black Eyed Peas,NOT_FOUND
Melawan Restu,Mahalini,NOT_FOUND
Mountain at My Gates,Foals,53L6A3I9vf7rgEZnMzx54E
My Way (feat. Monty),Fetty Wap,1WoOzgvz6CgH4pX6a1RKGp
Naughty Girl,Beyoncé,0YGQ3hZcRLC5YX7o0hdmHg
Now You're Gone (feat. DJ Mental Theo's Bazzheadz) - Video Edit,Basshunter,NOT_FOUND
One (Your Name) - Radio Edit,Swedish House Mafia,1qZMPmpD1jDcOA7gZ6TCde
Overnight Celebrity,Twista,2tOZtdbkAMQASWokLvSlzj
Read All About It Pt. III,Emeli Sandé,NOT_FOUND
Red Lights,Tiësto,5L2l7mI8J1USMzhsmdjat9
Reload - Radio Edit,Sebastian Ingrosso,5jyUBKpmaH670zrXrE0wmO
Ridin' Solo,Jason Derulo,6BaxqcoEM9r3LXisTyJjST
Save The World,Swedish House Mafia,65hRZOQkVjmBdusz1N7aOv
Scream,Usher,12eMQUn2GzfsfsQLH53M19
Sexbomb,Tom Jones,NOT_FOUND
Smile,Uncle Kracker,4ZC8hXXqu2hPcDLw9QTdtQ
Somethin' Stupid,Robbie Williams,NOT_FOUND
Something,Lasgo,3e9L9HiHKcfYLAga28Vmcf
Sorry,Beyoncé,0lnIJmgcUpEpe4AZACjayW
Started From the Bottom,Drake,5DI9jxTHrEiFAhStG7VA8E
Suit & Tie (feat. Jay-Z),Justin Timberlake,NOT_FOUND
Take a Walk,Passion Pit,4Sfa7hdVkqlM8UW5LsSY3F
Teach Me How to Dougie,Cali Swag District,61LtVmmkGr8P9I2tSPvdpf
The Ketchup Song (Aserejé) - Spanglish Version,Las Ketchup,6UEfyhyfhYQsyipxOd95Ie
The Sound,The 1975,316r1KLN0bcmpr7TZcMCXT
The Way,Ariana Grande,NOT_FOUND
Thrift Shop (feat. Wanz),Macklemore & Ryan Lewis,NOT_FOUND
Tiimmy Turner,Desiigner,3NJG6vMH1ZsectZkocMEm0
Toothbrush,DNCE,7ciLq0Cip0yxiz6KANrOUq
Underneath Your Clothes,Shakira,15f8Cv8RXUlOOCIf2oaceN
Weak,Larissa Lambert,3UnfOb5hmnf4KF7NIgAj9a
What's My Name?,Rihanna,NOT_FOUND
When We Stand Together,Nickelback,4bCOAuhvjsxbVBM5MM8oik
Where the Party At (feat. Nelly),Jagged Edge,NOT_FOUND
You Don't Know Me (feat. RAYE),Jax Jones,NOT_FOUND
Young Forever,JAY-Z,NOT_FOUND
Akhir Tak Bahagia,Misellia,NOT_FOUND
America,Razorlight,NOT_FOUND
As I Am (feat. Khalid),Justin Bieber,NOT_FOUND
Beautiful,Akon,NOT_FOUND
Berzerk,Eminem,6Xk7PnitV9jCRorWt2LiVZ
BIG BANK (feat. 2 Chainz & Big Sean & Nicki Minaj),YG,NOT_FOUND
Blurry,Puddle Of Mudd,6lSr3iZTC144PKhvbPFzMp
Breakaway,Kelly Clarkson,61Qhe2mHSLhUE04QeK4lkD
Breakeven,The Script,38xWaVFKaxZlMFvzNff2aW
C.H.R.I.S.Y.E.,Diskoria,NOT_FOUND
Can't Help but Wait,Trey Songz,5k3VjTwIsOjQ2woGz3Yx71
Capsize,FRENSHIP,2XMTqoHHSH0lvuXrvIEdco
Come on over Baby (All I Want Is You) - Radio Version,Christina Aguilera,7A0apkTSTvMbSI7yplcmlh
Dirty Little Secret,The All-American Rejects,5lDriBxJd22IhOH9zTcFrV
Fight For This Love,Cheryl,NOT_FOUND
Final Song,MØ,4qqArAiTPueDxIp7cf87h7
Fire,Kasabian,0Ln5tJyLX5qusquBOtq7wf
Get Right,Jennifer Lopez,0rLzyBecRbTpnBWvMtPVFR
Golden Skans,Klaxons,6BqWhxll86CGGE6WxgdRqG
Heaven,DJ Sammy,NOT_FOUND
Hero (feat. Josey Scott),Chad Kroeger,779ooI3rBd0CLqCiiJmtVo
Hide Away,Daya,0uyZ5ckiIUbFZd3P6RWmrj
Hideaway,Kiesza,0c6xIDDpzE81m2q797ordA
Hypnotized,Purple Disco Machine,0HNDr5c2IOIvfe8DPwjVO9
Hypnotized (feat. Akon),Plies,NOT_FOUND
I Need a Girl (Pt. 1) [feat. Usher & Loon],Diddy,NOT_FOUND
It's Been Awhile,Staind,25CMmGsl22APKhfuj4Tp7j
It's Goin' Down (feat. Nitti),Yung Joc,NOT_FOUND
Keisha & Becky - Remix,Russ Millions,NOT_FOUND
late at night,Roddy Ricch,NOT_FOUND
Let It Rock,Kevin Rudolf,7mGjaKYVo3dDs5B5wO0jB3
Lights - Single Version,Ellie Goulding,7gUpO6td4OOnu0Lf9vhcIV
Little L,Jamiroquai,7hhclvecTpNxNNRCk7NUoc
Lola's Theme - Radio Edit,The Shapeshifters,2o7V26rsF1ukcRI005S0LL
Magic (feat. Rivers Cuomo),B.o.B,NOT_FOUND
Melukis Senja,Budi Doremi,NOT_FOUND
Memories (feat. Kid Cudi),David Guetta,5xYC48nOppVemY6U5GRGTb
Misery,Maroon 5,6KBYk8OFtod7brGuZ3Y67q
Miss Independent,Ne-Yo,34ceTg8ChN5HjrqiIYCn9Q
Need to Know,Doja Cat,3Vi5XqYrmQgOYBajMWSvCi
Never Let You Go,Shouse,NOT_FOUND
Never Let You Go - 2008 Remaster,Third Eye Blind,1sxUaLi0G2vB7dl4ogtCxH
No Letting Go,Wayne Wonder,5dWfl2PBpKHpBVdz95wxK1
Not Over You,Gavin DeGraw,6j7hih15xG2cdYwIJnQXsq
One,Mary J. Blige,NOT_FOUND
Ordinary People,John Legend,2ZA4uMlSZjaoWGFqP1tsLI
Outnumbered,Dermot Kennedy,6UjZ2Yx2g2a52XxiA8ONxZ
Patience,Take That,NOT_FOUND
Post Malone (feat. RANI),Sam Feldt,36orMWv2PgvnzXsd5CJ0yL
Powerglide (feat. Juicy J) - From SR3MM,Rae Sremmurd,NOT_FOUND
Rake It Up (feat. Nicki Minaj),Yo Gotti,NOT_FOUND
Release Me,Agnes,4LiJE6pqgsTX3FtukW6bNh
Satisfaction - Isak Original Extended,Benny Benassi,NOT_FOUND
Say Hey (I Love You) (feat. Cherine Tanya Anderson),Michael Franti & Spearhead,NOT_FOUND
She's So Lovely,Scouting For Girls,7EBt4nrQflTtyqbrSWvK5E
Silhouettes - Original Radio Edit,Avicii,06h3McKzmxS8Bx58USHiMq
"Slow Down - 12"" Version",Bobby V.,4Ilen0VxPEsVRLpnePji8P
Solar Power,Lorde,NOT_FOUND
Somebody,Natalie La Rose,NOT_FOUND
Stuck Like Glue,Sugarland,0JcKdUGNR7zI4jJDLyYXbi
t r a n s p a r e n t s o u l feat. Travis Barker,WILLOW,NOT_FOUND
Take Me Back to London (feat. Stormzy),Ed Sheeran,NOT_FOUND
Take You There,Sean Kingston,6AdLyvisRKHLAwARaZMGr6
That's the Way It Is,Céline Dion,5s4catxeZsaWFnOrvrXZHf
The Man Who Can't Be Moved,The Script,3nqqDo8CcCLke3ZoTgiOKf
The Riddle,Gigi D'Agostino,NOT_FOUND
Thotiana,Blueface,5GBuCHuPKx6UC7VsSPK0t3
Till the World Ends,Britney Spears,38iU2jg98IZZEIJPrP7aWD
Tonight (I'm Fuckin' You),Enrique Iglesias,3nMb7ToWIxYvmaIG20z6ux
Trumpets,Jason Derulo,5KONnBIQ9LqCxyeSPin26k
Turn Me On (feat. Nicki Minaj),David Guetta,NOT_FOUND
"U Know What's Up (feat. Lisa ""Left Eye"" Lopes)",Donell Jones,NOT_FOUND
Warwick Avenue,Duffy,2IMIbiJlbi0pIs3FBpKFhS
Way down We Go,KALEO,0y1QJc3SJVPKJ1OvFmFqe6
We Made You,Eminem,4UMTp91LHhvW33ol9ZQH0Q
White Walls (feat. ScHoolboy Q & Hollis),Macklemore & Ryan Lewis,NOT_FOUND
Who Let The Dogs Out,Baha Men,1H5tvpoApNDxvxDexoaAUo
Wish You Were Mine - Radio Edit,Philip George,412luShbmlgqqgYFStIB1s
X (feat. Maluma & Ozuna) - Remix,Nicky Jam,6JjPBQfI2Y8nIjnm65X6Pw
XO,Beyoncé,NOT_FOUND
You Don't Know My Name,Alicia Keys,6LGwYMXXgURfaequXipzHx
You Give Me Something,James Morrison,28euH5Ny1JXxZAt2KjWp62
Your Song - Bonus Track,Ellie Goulding,NOT_FOUND
24K Magic,Bruno Mars,6b8Be6ljOzmkOmFslEb23P
34+35 Remix (feat. Doja Cat & Megan Thee Stallion) - Remix,Ariana Grande,NOT_FOUND
6 Foot 7 Foot,Lil Wayne,NOT_FOUND
Ain't No Other Man,Christina Aguilera,7huo2wvrCgRucUsjdSDLQV
All Good Things (Come To An End),Nelly Furtado,NOT_FOUND
Animal,Neon Trees,1fBl642IhJOE5U319Gy2Go
Back To Sleep,Chris Brown,6dlpABcXrQKRU9G00i6Zba
Bananza (Belly Dancer),Akon,4vYGubD2JGIRTAu4bEvlgC
Bed,J. Holiday,6TlRNJaezOdzdECnQeRuMM
Belum Siap Kehilangan,Stevan Pasaribu,NOT_FOUND
Black Horse And The Cherry Tree,KT Tunstall,0qAMjeQFyd1qD0LDiV8gWp
Body Party,Ciara,0rFZaQ4crlGAzuCjWCQ2xu
Bootylicious,Destiny's Child,NOT_FOUND
Bring Em Out,T.I.,3CcvahnsiArpTHYQEWV2Au
Caught Up,Usher,5zdUc1JRCImBYcDWgvFNpE
Deja Vu (feat. Jay-Z),Beyoncé,NOT_FOUND
Do It To It,Cherish,NOT_FOUND
Don't Be so Shy - Filatov & Karas Remix,Imany,4bNqSJ92afDvDZiYgpckVf
Don't Mind,Kent Jones,27PmvZoffODNFW2p7ehZTQ
Flex (Ooh Ooh Ooh),Rich Homie Quan,NOT_FOUND
Fuck It (I Don't Want You Back),Eamon,1p5kC161fWMA2QlwV3Vi4W
Glamorous,Fergie,NOT_FOUND
Gold Dust - Radio Edit,DJ Fresh,2qugfmw9Hi27DyIo2gite4
Good Girls Go Bad (feat. Leighton Meester),Cobra Starship,NOT_FOUND
Good People,Jack Johnson,4eLn7z31zqzEdlKSgesohf
Grind With Me,Pretty Ricky,3B7i9OKRRmIsSBHEbJz58Y
HandClap,Fitz and The Tantrums,4qRaZYiaOsSvWC7VgcxrI0
Heartbeat Song,Kelly Clarkson,7FC9Lng8iXU081lbigu8m8
Heartbreak Warfare,John Mayer,4gs07VlJST4bdxGbBsXVue
Here,Alessia Cara,1wYZZtamWTQAoj8B812uKQ
I Hate This Part,The Pussycat Dolls,3tSuRiNgJmMqmYR23dCqnR
I Like It,Enrique Iglesias,7HacCTm33hZYYN8DXpCYuG
I Will Follow You into the Dark,Death Cab for Cutie,3kZC0ZmFWrEHdUCmUqlvgZ
I Won't Let You Go,James Morrison,2TUzU4IkfH8kcvY2MUlsd2
Incomplete,Sisqo,3w8Mw9GHYepoTWOSdiyosj
It Feels So Good,Sonique,4Y8q64VnhD0vFYy9g2WFpi
Jai Ho! (You Are My Destiny),A.R. Rahman,NOT_FOUND
Laffy Taffy,D4L,2ajhenDRiiAnCHHjsIOHhJ
Left Outside Alone,Anastacia,NOT_FOUND
Like a Boy,Ciara,358bOvBiZCS9fRzNYosw6c
Like Glue,Sean Paul,6pbCkvCENw0suVGr4Ckkae
Lisztomania,Phoenix,7hwcojGiRqYm100tSmpZE3
Love Lockdown,Kanye West,1kxeWHF9PrCVZHvVskv8lg
Luxurious,Gwen Stefani,3UQmoVQJqBYauTZLVPs3uo
Money On My Mind,Sam Smith,5XX9oGZfgKMXdHnEp4t2JB
No Brainer,DJ Khaled,NOT_FOUND
Old Thing Back (feat. Ja Rule and Ralph Tresvant),Matoma,NOT_FOUND
Pound The Alarm,Nicki Minaj,0LohatbcUXRauoeMlR1jnS
Pretty Girl Rock,Keri Hilson,2Adn2LNgkHMH5TelQVAu4n
Put It On Me,Ja Rule,NOT_FOUND
Russian Roulette,Rihanna,3rMsX63C0IZVnOT5LGYoTH
Sexy Can I,Ray J,NOT_FOUND
Shackles (Praise You),Mary Mary,7JKEA8xYDoFp4q0QBW2PGg
Slow Motion,JUVENILE,NOT_FOUND
STARSTRUKK (feat. Katy Perry),3OH!3,1hBM2D1ULT3aeKuddSwPsK
Stay The Night - Featuring Hayley Williams Of Paramore,Zedd,4bT2zLVv2T4GiK9q9KtI0v
Still Fly,Big Tymers,563vSy3HB5NHxel1VGQCW6
Superstar (feat. Matthew Santos),Lupe Fiasco,NOT_FOUND
Take A Picture,Filter,2O2mr2gzBRtKGRiswqRyiN
Tears Dry On Their Own,Amy Winehouse,6yLX8QnxlnEqZfs3YKCfjF
The Tide Is High - Radio Mix,Atomic Kitten,5WuVWOngcRkMOx9RRLCvui
Touch Me (Radio Edit) [feat. Cassandra],Rui Da Silva,NOT_FOUND
Trick Me,Kelis,NOT_FOUND
Turn Up the Music,Chris Brown,1RMRkCn07y2xtBip9DzwmC
U Don't Have to Call,Usher,5PCJldueshnwqQVjS16543
Ugly Heart,G.R.L.,3qqho4PnTn3zlMPBzWhFFD
Watch Me (Whip / Nae Nae),Silentó,5RIVoVdkDLEygELLCniZFr
We No Speak Americano (Edit),Yolanda Be Cool,NOT_FOUND
What You Know,T.I.,0CAJdthKDdRjB2h8YOguN6
Whole Again,Atomic Kitten,16MJqq0vEuW6GRX6faetTm
Wiggle (feat. Snoop Dogg),Jason Derulo,NOT_FOUND
You Know I'm No Good,Amy Winehouse,4zQuwW24dweWcaX0fEJkP2
All For You,Janet Jackson,5X8kkUaUlAyAUr9TYqDFTH
All Rise,Blue,7jley98gCQFueQ5MCaFWIb
Angels,The xx,1zuKjpp4t7BS8JPKi6mkQr
Antisocial (with Travis Scott),Ed Sheeran,NOT_FOUND
Beg for You (feat. Rina Sawayama),Charli XCX,NOT_FOUND
Boasty (feat. Idris Elba),Wiley,5X5YDBavdU5RjYMlxqwlCm
Boyfriend,Justin Bieber,3UGIZ8qcrMTwzLbx6Kttqt
Breathe Me,Sia,2Bo0hh0yoQReC4reJav5DT
Can't Let You Go (feat. Mike Shorey & Lil' Mo),Fabolous,NOT_FOUND
Cool Girl,Tove Lo,3tJ4y2Zqx6gM9xOAuFfsSF
Dancing On My Own,Robyn,3Rc2ajBMInxeNGVkMPC92Y
Desert Rose,Sting,NOT_FOUND
Die A Happy Man,Thomas Rhett,5kNe7PE09d6Kvw5pAsx23n
Don't Be so Hard on Yourself,Jess Glynne,6jF1nHIMESqft9p33tQYPn
Don't Phunk With My Heart,Black Eyed Peas,4MtDnnAJ1AtWit10FRmZdW
Don't Wake Me Up,Chris Brown,18VfHIPaCo0s6FTi1Fnp6T
Don't Wanna Go Home,Jason Derulo,1r3myKmjWoOqRip99CmSj1
Fergalicious,Fergie,NOT_FOUND
Galvanize,The Chemical Brothers,4bz7uB4edifWKJXSDxwHcs
German,EO,NOT_FOUND
Get It Shawty,Lloyd,NOT_FOUND
Ghost,Ella Henderson,4z7gh3aIZV9arbL9jJSc5J
Good Grief,Bastille,NOT_FOUND
Hella Good,No Doubt,6AfLmKXzhEZjwiVPs5jhdV
Hey Daddy (Daddy's Home),Usher,030OCtLMrljNhp8OWHBWW3
Hey Mama,Black Eyed Peas,6W3c6pmDgT04I0Nk87JFyK
Holy Grail,JAY-Z,NOT_FOUND
How Low,Ludacris,1WtTLtofvcjQM3sXSMkDdX
I Follow Rivers - The Magician Remix,Lykke Li,3zxFdCygb1FgieCihHhdxG
I Luv Your Girl,The-Dream,3wkNK8tJZ2stygNJm8RCRD
I Predict A Riot,Kaiser Chiefs,3fMoeGj4mDusrmYOOF60aC
I'm Outta Love - Radio Edit,Anastacia,2CaseM6BKvQpi6blK8nbxC
In Your Eyes,Kylie Minogue,1t5nwfsb90IliczIhOMnpJ
It's Gonna Be Me,*NSYNC,2AW37v0bDyuOzGP3XnmFuA
Joker And The Thief,Wolfmother,7ISL3LO8AWP3fKIXunvqTa
Let Me Hold You (feat. Omarion),Bow Wow,NOT_FOUND
Lose My Breath,Destiny's Child,NOT_FOUND
Lost Without U,Robin Thicke,4V2F0DZrAXOWq9hkwMMG3x
Make Me Feel,Janelle Monáe,5gW5dSy3vXJxgzma4rQuzH
Meant to Live,Switchfoot,2md2i5QvelRFnafpnd6LOg
Motivation,Kelly Rowland,NOT_FOUND
Mundian To Bach Ke,Panjabi MC,6dK1HEHZcQlh24bSU7pTaZ
My My My,Armand Van Helden,653rxW1E7V52QWh6a7oIdS
Na Na,Trey Songz,5maiP9UMnTSgoxPX8X3bdz
Never Be Like You,Flume,NOT_FOUND
Never Leave You (Uh Oooh, Uh Oooh),Lumidee,NOT_FOUND
Peaches & Cream,112,2SLZ2rX5773RS16mcqBxG7
Rehab,Amy Winehouse,1L5tZi0izXsi5Kk5OJf4W0
RITMO (Bad Boys For Life),Black Eyed Peas,NOT_FOUND
Rockin' That Shit,The-Dream,3RBGG1be9aBaSvjnw6ABkh
Same Love (feat. Mary Lambert),Macklemore & Ryan Lewis,NOT_FOUND
Sexual,NEIKED,NOT_FOUND
So Gone,Monica,6BIcjFZIVDZxNAcofRFPx4
So Good,B.o.B,28GUjBGqZVcAV4PHSYzkj2
Sunshine (feat. Lea),Lil' Flip,NOT_FOUND
Swimming Pools (Drank) - Extended Version,Kendrick Lamar,5ujh1I7NZH5agbwf7Hp8Hc
test drive,Ariana Grande,NOT_FOUND
The Game of Love (feat. Michelle Branch) - Main / Radio Mix,Santana,NOT_FOUND
The Only Exception,Paramore,7JIuqL4ZqkpfGKQhYlrirs
The Seed (2.0),The Roots,NOT_FOUND
This Love,Maroon 5,6ECp64rv50XVz93WvxXMGF
Underneath It All,No Doubt,NOT_FOUND
Want U Back,Cher Lloyd,6E11E0lT5Zy7yb6iT3y8DN
We Be Burnin',Sean Paul,4kOTDj4SiZPkW1p96WMDNv
We'll Be Coming Back (feat. Example),Calvin Harris,7B1Dl3tXqySkB8OPEwVvSu
What a Girl Wants,Christina Aguilera,5bGmuxShUba9maPswDnhCs
World of Our Own,Westlife,NOT_FOUND
Air Force Ones,Nelly,NOT_FOUND
Animals - Radio Edit,Martin Garrix,65G7XDGcybJiGywSCXJiL5
Bad (feat. Rihanna) - Remix,Wale,NOT_FOUND
Bounce (feat. Kelis) - Radio Edit,Calvin Harris,36cmM3MBMWWCFIiQ90U4J8
Broccoli (feat. Lil Yachty),DRAM,NOT_FOUND
Call on Me (Ryan Riback Remix),Starley,14uKsvPJ0quzQvdB6f7Dur
Came Here for Love,Sigala,NOT_FOUND
Changed the Way You Kiss Me - Radio Edit,Example,NOT_FOUND
Counting Stars,OneRepublic,6sy3LkhNFjJWlaeSMNwQ62
Don't Lie,Black Eyed Peas,600qBKuhdgLqxZb1BqIE0T
Everytime We Touch - Radio Edit,Cascada,74PyndGWYtfs86n60lAsYW
Girls Like (feat. Zara Larsson),Tinie Tempah,NOT_FOUND
Gucci Gang,Lil Pump,43ZyHQITOjhciSUUNPVRHc
GUMMO,6ix9ine,4HbiCvH1R7mVOJ7KY7JQBD
Hanging By A Moment,Lifehouse,0wqOReZDnrefefEsrIGeR4
Happy,Ashanti,6CbcdeTQKj0qTaZTt0xkdk
Hot,INNA,NOT_FOUND
Hotel Room Service,Pitbull,6Rb0ptOEjBjPPQUlQtQGbL
How You Gonna Act Like That,Tyrese,3OUApyz3jDB3syGUNGqB1d
I Cry,Flo Rida,4bZd0nRuX8HyjeXAUBczvm
I Knew You Were Trouble.,Taylor Swift,72jCZdH0Lhg93z6Z4hBjgj
If I Die Young,The Band Perry,4u26EevCNXMhlvE1xFBJwX
If You're Not The One,Daniel Bedingfield,4gJoAvFpDvaeqm2EKYGmhb
I'll Be There,Jess Glynne,083Qf6hn6sFL6xiOHlZUyn
I'll Show You,Justin Bieber,0SNIAtRCPVVLoGEPcuHSIc
It's My Life,No Doubt,2fOxxLz9JVe53itq6pfBak
Izzo (H.O.V.A.),JAY-Z,4h5KBcltGefua73AUPYps7
Kickstarts,Example,07WEDHF2YwVgYuBugi2ECO
Like I Love You,Justin Timberlake,6W2Ef5Ph6ILTUAedoQ3QIv
Makes Me Wonder,Maroon 5,1lHXlGlve5Zx8tXLhyjDwM
Me, Myself and I,Beyoncé,NOT_FOUND
Never Had A Dream Come True,S Club 7,1rzssdgfZiGs7VAMsYN9SF
No Diggity,HÄWK,NOT_FOUND
No Such Thing,John Mayer,6Vecwo7AHst9V2CE3kmwr0
Oh (feat. Ludacris),Ciara,NOT_FOUND
Omen - Radio Edit,Disclosure,NOT_FOUND
One Step At a Time,Jordin Sparks,5o4W6yWSJD9e9Ea8YC9WjF
One Wish,Ray J,5qrzhg9Fmu8Amg2uMhHfe5
Outta Control - Remix,50 Cent,NOT_FOUND
Overprotected - Radio Edit,Britney Spears,5p0KCAuu5nrHpTuAIhHdLw
Pocketful of Sunshine,Natasha Bedingfield,1uigwk5hNV84zRd5YQQRTk
Promise,Ciara,1pLdjo3lOBbMaoR4ZpybFH
Pure Shores,All Saints,NOT_FOUND
Rack City,Tyga,0srwKuJPH8yBzzFUJMBQM2
Rocketeer,Far East Movement,0F35erHwtsj2KiTTIkrYb8
Roll Up,Wiz Khalifa,53DB6LJV9B8sz0p1s6tlGS
Salt Shaker,Ying Yang Twins,NOT_FOUND
Save Room,John Legend,3sTc75CCyIw4FPs6cXkOe7
Shawty (feat. T Pain),Plies,NOT_FOUND
Sorry,Madonna,55whbebR4olz2HHcRQa2kx
Take My Breath - Single Version,The Weeknd,3HoQtJWvaadVDZPgQevKIh
That Don't Impress Me Much - International Mix,Shania Twain,NOT_FOUND
U and Dat (feat. T. Pain & Kandi Girl),E-40,NOT_FOUND
Video Games,Lana Del Rey,NOT_FOUND
Wanna Get To Know You,G-Unit,NOT_FOUND
Wasted,Tiësto,77OuOZhDxJSQLYnNIpX2AG
All I Have (feat. LL Cool J),Jennifer Lopez,NOT_FOUND
All In My Head (Flex) (feat. Fetty Wap),Fifth Harmony,NOT_FOUND
Born to Make You Happy,Britney Spears,4l1MNtoCiTxBwf6yxD7kFd
Bump Bump Bump (feat. P. Diddy),B2K,NOT_FOUND
Bust It Baby Pt. 2 (feat. Ne-Yo),Plies,NOT_FOUND
Can't Hold Us Down (feat. Lil' Kim),Christina Aguilera,NOT_FOUND
Climax,Usher,5pyVqlqThcxI7tPDjHIzPh
Come With Me - Radio Edit,Special D.,NOT_FOUND
Cross Me (feat. Chance the Rapper & PnB Rock),Ed Sheeran,NOT_FOUND
Don't Leave,Snakehips,NOT_FOUND
Don't Stop Movin',S Club 7,4dzreTCcGVgeF1vCcd22AC
Drinking from the Bottle (feat. Tinie Tempah),Calvin Harris,1oHxIPqJyvAYHy0PVrDU98
Evacuate The Dancefloor,Cascada,0jDWRUbxSn8zQlwFbeLHwo
F**kin' Perfect,P!nk,3MGJF1CDFGfjXESL2Heva0
Fill Me In,Craig David,0UzsDmdpw0Q14KU4hieQss
Fine China,Chris Brown,0yz2J4wsXFCjMjpJ6A74yV
Gangsta Lovin',Eve,NOT_FOUND
Gimme the Light,Sean Paul,3SCVtAJq8li6HlKfM4M08u
Hands on the Wheel (feat. Asap Rocky),ScHoolboy Q,NOT_FOUND
Heart Skips a Beat (feat. Rizzle Kicks),Olly Murs,NOT_FOUND
Hemorrhage (In My Hands),Fuel,1sjrDQXqAa9V07FjKIlAQ4
Higher,Taio Cruz,4PYTMO1VMWLPVvGUtqkUwv
Hurtin' Me,Stefflon Don,76IkF7pA7RscjDTvOFT4vb
I Don't Feel Like Dancin',Scissor Sisters,13pyGLYmBjYgvOMIEivX2K
I Just Wanna Love U (Give It 2 Me),JAY-Z,0s46SltT4On0Z6kglK1I5c
I'm Not Alone - Radio Edit,Calvin Harris,4eLickYfaahOILYVlEpLzx
Just a Friend 2002 - Radio Edit,Mario,2cxbxpHrND6i4uvUGVvC9J
Just Fine,Mary J. Blige,33vzOPcd9FRirYGlCu32x4
Just Hold On,Steve Aoki,3EmmCZoqpWOTY1g2GBwJoR
Last Night,Keyshia Cole,NOT_FOUND
Leavin',Jesse McCartney,20ORwCJusz4KS2PbTPVNKo
Man's Not Hot,Big Shaq,NOT_FOUND
More Than A Woman,Aaliyah,NOT_FOUND
Ms. New Booty,Bubba Sparxxx,NOT_FOUND
My Neck My Back (Lick It),Khia,NOT_FOUND
Not Nice,PARTYNEXTDOOR,4STaHtfguDMkWbPEo6Fwcx
Of The Night,Bastille,7BNDyzwDboNRR2wmd7GSew
Oh Boy,Cam’ron,NOT_FOUND
One Call Away,Chingy,NOT_FOUND
One Day Like This,Elbow,6H3S7yQjHn3ErG9o6v7qBs
One Love,Blue,2W5acFzXf5FrktecuD30Or
Over And Over,Nelly,NOT_FOUND
Party Like A Rock Star,Shop Boyz,1IYaMVfidzSfvCUZYXhsU1
Pullin' Me Back,Chingy,NOT_FOUND
Putus Atau Terus,Judika,NOT_FOUND
Rollout (My Business),Ludacris,4SyadrABZJIjeND1HPJS31
Scars,Papa Roach,1UREw2MCfU0xwBzCAjxlUD
Shortie Like Mine (feat. Chris Brown & Johntá Austin),Bow Wow,NOT_FOUND
Soldier (feat. T.I. & Lil' Wayne),Destiny's Child,NOT_FOUND
Sorry,Joel Corry,NOT_FOUND
Southside,Lloyd,NOT_FOUND
Starlight - Radio Edit,The Supermen Lovers,NOT_FOUND
Summer Paradise (feat. Sean Paul) - Single Version,Simple Plan,7sziTn5nHwrWf4K7gISaaU
Supalonely (feat. Gus Dapperton),BENEE,NOT_FOUND
Take Me To The Clouds Above - LMC Vs. U2 / Radio Edit,LMC,NOT_FOUND
THE FORMULA,will.i.am,NOT_FOUND
The Great Escape,BOYS LIKE GIRLS,56Tl3UgyZTqfZtvFNS31wm
Used To Love (with Dean Lewis),Martin Garrix,7pWK1kMgHy5lNNiIfuRbkP
Vossi Bop,Stormzy,NOT_FOUND
Wait,Maroon 5,6AvfZXpbb6r35DfF7gHPRq
What You Waiting For?,Gwen Stefani,7bZsx7Zif6FIhrcZrh0LVm
X (with KAROL G),Jonas Brothers,NOT_FOUND
Year 3000,Busted,0ahXguyuTwD1gqpWKYqWYO
A New Day Has Come - Radio Remix,Céline Dion,5fkDD7aQLUmMy1EwzNm0ZB
Addictive,Truth Hurts,NOT_FOUND
Blind Faith,Chase & Status,04OxTCLGgDKfO0MMA2lcxv
Cater 2 U,Destiny's Child,NOT_FOUND
CoCo,O.T. Genasis,2JI71GHwq2LN8mtq3iCLYo
Earthquake (feat. Tinie Tempah),Labrinth,NOT_FOUND
Faded,ZHU,2GQEM9JuHu30sGFvRYeCxz
Feel the Love (feat. John Newman),Rudimental,NOT_FOUND
Feels (feat. Pharrell Williams & Katy Perry & Big Sean),Calvin Harris,NOT_FOUND
Freek-A-Leek,Petey Pablo,4MeDnO5yA2Zi6IMlVApRci
Fun (feat. Chris Brown),Pitbull,NOT_FOUND
Get Back,Ludacris,3njpLvANriMsdv3dgADEad
Halfcrazy,Musiq Soulchild,NOT_FOUND
Heartbroken - Edit,T2,NOT_FOUND
How To Love,Lil Wayne,4aX4Oycsk1fhHIee1zqsDe
I Can,Nas,2NPxL1QqPrD1a7OLHjVcAP
I Know You Want Me (Calle Ocho),Pitbull,13plQdOoWSSXPRUSZc5FuM
I Tried,Bone Thugs-N-Harmony,NOT_FOUND
I'm a Thug,Trick Daddy,6j2aNuhJJUnRj6UHcvn5PI
Imma Be,Black Eyed Peas,5OiLJ8tjUPFiPX2gVM8fxJ
Jumanji,B Young,NOT_FOUND
Know Me Too Well (with Danna Paola),New Hope Club,NOT_FOUND
Lean Wit It, Rock Wit It,Dem Franchize Boyz,NOT_FOUND
Let Me Hold You (Turn Me On),Cheat Codes,NOT_FOUND
Make It Rain,Fat Joe,NOT_FOUND
Make Me Better,Fabolous,NOT_FOUND
Money Maker,Ludacris,NOT_FOUND
Move Along,The All-American Rejects,2l57cfmCnOkwNX1tky02n1
Murder On The Dancefloor,Sophie Ellis-Bextor,0I1HETHnwPFoxwcgcWvTdB
Next To Me,Emeli Sandé,1Xsxp1SEOxuMzjrFZhtw8u
Nobody To Love - Radio Edit,Sigma,NOT_FOUND
Omen,The Prodigy,144adL7pGHEWRwute2wxzZ
Oops (Oh My) [feat. Missy Elliott],Tweet,NOT_FOUND
Over,Drake,6BdgtqiV3oXNqBikezwdvC
PILLOWTALK,ZAYN,0PDUDa38GO8lMxLCRc4lL1
Pretty Green Eyes - Radio Edit,Ultrabeat,71NJqORRmwlcZSLk0VsFjU
Pretty Wings - uncut,Maxwell,22NLm3IIR9NLG0cUYtmHMW
Ready For Your Love,Gorgon City,1y7agAufBsudgRXuq6Ekqb
Rise & Fall (feat. Sting),Craig David,23ehR4jpFQFMfDADgFdXR7
Shalala Lala,Vengaboys,6iiaDMXr1eqnSEH9W4DLYC
She Said,Plan B,NOT_FOUND
Starships,Nicki Minaj,1oHNvJVbFkexQc0BpQp7Y4
Tattoo,Jordin Sparks,3Ui2jdyxbZQrZohfM0NOgG
The Heart Wants What It Wants,Selena Gomez,6wJwkMo278iWVlWl1XQ4WA
The Logical Song,Scooter,7cR6SJQLubZTtIrAgteiec
This Is Love,will.i.am,NOT_FOUND
Truth Hurts,Lizzo,3HWzoMvoF3TQfYg4UPszDq
Try Sleeping with a Broken Heart,Alicia Keys,1yK9LISg5uBOOW5bT2Wm0i
Turn My Swag On,Soulja Boy,6ATrsVaZT7XjkCynxM8cTS
Waiting All Night (feat. Ella Eyre),Rudimental,NOT_FOUND
Wanksta,50 Cent,6xChOqrClteugb4RwSD1kS
Wavin' Flag,K'NAAN,0zREtnLmVnt8KUJZZbSdla
Wish You Well,Sigala,NOT_FOUND
Work Hard Play Hard,Wiz Khalifa,NOT_FOUND
You & Me,Marc E. Bassy,NOT_FOUND
You Belong With Me,Taylor Swift,3GCL1PydwsLodcpv0Ll1ch
Alarm,Anne-Marie,0OwX5aROoW1Iip8FV51Efg
Born To Die,Lana Del Rey,487OPlneJNni3NWC8SYqhW
Cool,Gwen Stefani,469RmLzEsicj8VSn9aIuKV
Cruise,Florida Georgia Line,0i5el041vd6nxrGEU8QRxy
Diamonds From Sierra Leone - Remix,Kanye West,NOT_FOUND
Diary (feat. Tony! Toni! Tone! & Jermaine Paul),Alicia Keys,NOT_FOUND
Everyday I Love You Less And Less,Kaiser Chiefs,7IdfMBufDn3yf2JhS3a5w0
Fit but You Know It,The Streets,312A8WfROSLvZbMDHBUPDp
Floating Through Space,Sia,4Nr1paS5vjmi1ktfX1txi2
Get It On Tonite,Montell Jordan,0AcLrSfAEBQcUnHOTm5pXg
Get Up (feat. Chamillionaire),Ciara,NOT_FOUND
Gettin' Over You (feat. Fergie & LMFAO),David Guetta,NOT_FOUND
Handbags And Gladrags,Stereophonics,3U8UHbqKeR0jlkg8Qlwunr
Heard It All Before,Sunshine Anderson,0xikWgPgYN9BEes0ieZ8Co
Holiday,Dizzee Rascal,NOT_FOUND
I Like That,Houston,NOT_FOUND
I Love College,Asher Roth,1akgiRM3mN2nxu2AX6ACCW
Ice Box,Omarion,5qhlC4Rzals34zxovrPzKp
Idioteque,Radiohead,7xqeIdLJSf3bgmZ7vUvHrE
If Tomorrow Never Comes,Ronan Keating,40dCbY0oJsG2ZdvaGVB34d
In Those Jeans,Ginuwine,5ojJNnX5ND2gMGojPd3NiO
Let It Go,Keyshia Cole,NOT_FOUND
Life Is A Rollercoaster,Ronan Keating,1vlTMKVV0FxG6CxGTmSY3t
London Bridge,Fergie,7jRoWfRlLnGYEIEn4t4kbq
Make Luv,Room 5,NOT_FOUND
Mesmerize,Ja Rule,NOT_FOUND
Miss You,Aaliyah,NOT_FOUND
Music,Madonna,2BcOZ4vOeu2qZowIHrvTYy
Need U (100%) (feat. A*M*E) - Radio Edit,Duke Dumont,5zdkUzguZYAfBH9fnWn3Zl
Nine Million Bicycles,Katie Melua,NOT_FOUND
On Fire,Lloyd Banks,0B2ZuTLZnWQ6gz8RlNwBu1
Ruby,Kaiser Chiefs,0VhhaYztcRWc7PEjJCjr1g
Say Yes,Floetry,2fE4MbwX3QGMzNaMjGVhtw
Scandalous - U.S. Radio Edit,Mis-Teeq,3stnrhzN0lzZFskbaZ5sEw
Selfish Love (with Selena Gomez),DJ Snake,3XoflnowYPFRPOh3uFvHcm
Sex,Cheat Codes,1MyWtH2yavuP1AHUi1X7ur
Somebody That I Used To Know,Gotye,NOT_FOUND
Sorry Seems To Be The Hardest Word,Blue,NOT_FOUND
Spotlight,Jennifer Hudson,02QQXgeAghpU4smdM7l7We
Stand Up,Ludacris,NOT_FOUND
Stay (feat. Maty Noyes),Kygo,NOT_FOUND
Thank God I Found You (feat. Joe & 98°),Mariah Carey,NOT_FOUND
The Man,Aloe Blacc,2stPxcgjdSImK7Gizl8ZUN
Too Close,Alex Clare,4sK96UnGx3NjBaqvfTG2dm
Turn Off The Light,Nelly Furtado,7sVvY1tEvk5VfitXX2PDOk
Untouched,The Veronicas,0KlahhzNb98zyN83Vwae0l
What You Got,Colby O'Donis,NOT_FOUND
White Noise,Disclosure,NOT_FOUND
Your Body,Pretty Ricky,5y4TDQdYzlT4eoQIPOgNDz
5 Years Time,Noah And The Whale,1KlDcHrlDPUJJPmMup3tUp
A Little Less Conversation - JXL Radio Edit Remix,Elvis Presley,NOT_FOUND
Ai Se Eu Te Pego - Ao Vivo,Michel Teló,46aIq2GKW7Vr6i4g2Vvycd
All About You,McFly,0ElmwRAsaxaUZXnMbaSllH
All Day And Night,Jax Jones,NOT_FOUND
Always On Time,Ja Rule,NOT_FOUND
Baby,Ashanti,6cZPfzVtkicrA3CyjqYKhu
Be With You,Enrique Iglesias,1lZ4j5WBURBwZ0M5TT46wP
Breathe,Jax Jones,NOT_FOUND
BUTTERFLY EFFECT,Travis Scott,2cYqizR4lgvp4Qu6IQ3qGN
Case Of The Ex (Whatcha Gonna Do),Mýa,1ak0S3NhwWrUgNlQhJ1412
Classic Man (feat. Roman GianArthur),Jidenna,NOT_FOUND
Don't Forget About Us - Radio Edit,Mariah Carey,NOT_FOUND
Down With The Trumpets,Rizzle Kicks,NOT_FOUND
Escape,Enrique Iglesias,6KRi6CBUitENJB4HQbSVSD
Forget You,CeeLo Green,7AqISujIaWcY3h5zrOqt5v
Foundations,Kate Nash,1wi4ti9BYUbwoGJ1EBUVtv
From Paris to Berlin,Infernal,NOT_FOUND
Good For You,Selena Gomez,5xdVqHtFS0eLuNp4Z8Wbpa
Gossip Folks (feat. Ludacris),Missy Elliott,NOT_FOUND
Got Money,Lil Wayne,NOT_FOUND
Headsprung,LL COOL J,1GIN41bLhiKeEPeC2vXH8i
Hey Baby,No Doubt,1zKsMKyoroSE4Pw41NJREK
Hey Baby (Radio Mix),DJ Ötzi,0HNXnhNZZtRZFLhP4hfyCP
Holidae In,Chingy,NOT_FOUND
How Come,D12,785t3poQsvdkSeH5xGA9R4
If You Come Back,Blue,NOT_FOUND
In For The Kill,La Roux,4gMnvtp0lXJY9GkgPGcELg
In The Morning,Razorlight,NOT_FOUND
It's Like That,Mariah Carey,NOT_FOUND
La La La,Naughty Boy,NOT_FOUND
Love Sex Magic (feat. Justin Timberlake),Ciara,NOT_FOUND
Mad,Ne-Yo,6Hn9Uc1mMNfqChXU3txNke
Met Him Last Night (feat. Ariana Grande),Demi Lovato,NOT_FOUND
Millionaire,Kelis,NOT_FOUND
Missing You,Case,0CmXXEwul09Kf8X68lPA5l
Music (feat. Marvin Gaye),Erick Sermon,NOT_FOUND
My Life,The Game,NOT_FOUND
My Place,Nelly,NOT_FOUND
Nessaja,Scooter,0RU3sUD0wsMTKSV4gvppOS
Never Be The Same Again,Melanie C,NOT_FOUND
No Hands (feat. Roscoe Dash & Wale),Waka Flocka Flame,NOT_FOUND
Not Fair,Lily Allen,3NHXj1DBuoxA7HL0xfQAZC
On the Hotline - Amended Version,Pretty Ricky,1zyqZONW985Cs4osz9wlsu
Promise,Jagged Edge,1X1KDnhTnb28tpJlgOV3lD
Rise,GABRIELLE,4DAxxBU8fQ4uDE2Zc3yz6c
Round Round,Sugababes,NOT_FOUND
Sensual Seduction,Snoop Dogg,1wva1IlWLDNLgwipUWcmjy
Summer On You (feat. Wulf),Sam Feldt,NOT_FOUND
Sunrise,Simply Red,0jGVEPscW8KmqktoHqv2Pa
Sweet About Me,Gabriella Cilmi,NOT_FOUND
There You Go,P!nk,6dJ2mSRaKE9ctYw9qWNGWQ
This Ain't a Love Song,Scouting For Girls,NOT_FOUND
1955,Hilltop Hoods,NOT_FOUND
This I Promise You,*NSYNC,46n2EGFnPC3tzWCN1Aqe26
This Is Why I'm Hot,MiMS,0AA6zq5ArZ1sSH7VIMi4NK
This Town,Niall Horan,0qvzXomUDJVaUboy2wMfiS
Tripping,Robbie Williams,NOT_FOUND
Wait for You,Elliott Yamin,0U969xYNlAyfzi8P1TaO7u
Whataya Want from Me,Adam Lambert,2rDwdvBma1O1eLzo29p2cr
Written in the Stars (feat. Eric Turner),Tinie Tempah,NOT_FOUND
Acceptable in the 80's,Calvin Harris,NOT_FOUND
Ain't It Funny,Jennifer Lopez,6J8vBmsokURohC3UygqYOH
Amazing,George Michael,0hsrqeudoR9Kymm7RNiVoq
Baby, I'm Back,Baby Bash,NOT_FOUND
Bag Lady,Erykah Badu,NOT_FOUND
Battlefield,Jordin Sparks,1Nme6K1PYAh7p7uygyuRdf
Beautiful Monster,Ne-Yo,2Q99zPXVqCPN5RaZawvJWZ
Beep,The Pussycat Dolls,NOT_FOUND
Bodak Yellow,Cardi B,6KBYefIoo7KydImq1uUQlL
Chelsea Dagger,The Fratellis,3ItzRpwvKtkDSNdRSjXu7Z
Cupid's Chokehold / Breakfast in America - Radio Mix,Gym Class Heroes,6ajyEEzWZbw8ycDcJAN099
Don't Call Me Baby,Madison Avenue,4fazGt0v2v2zkzddQOcDZD
Excuse Me Miss,JAY-Z,0ZHu7jkSSrT0eK4OxuG4O5
Find Your Love,Drake,4BycRneKmOs6MhYG9THsuX
Good Feeling,Flo Rida,2LEF1A8DOZ9wRYikWgVlZ8
Hey Ma,Cam’ron,NOT_FOUND
Holocene,Bon Iver,4fbvXwMTXPWaFyaMWUm9CR
I Don't Feel Like Dancin',Scissor Sisters,13pyGLYmBjYgvOMIEivX2K
I Would Like,Zara Larsson,4Q4jmPHwu0wrJvqrld0FQ6
In the Morning,The Coral,NOT_FOUND
It's Over Now,112,769geiA8btidGHda4BBDOJ
Jubel - Radio Edit,Klingande,NOT_FOUND
Juju on That Beat (TZ Anthem),Zay Hilfigerrr,NOT_FOUND
Kota,Dere,NOT_FOUND
Lay It All on Me (feat. Ed Sheeran),Rudimental,NOT_FOUND
Look Right Through - MK Vocal Edit,Storm Queen,NOT_FOUND
Move Your Body - Gabry Ponte Original Radio Edit,Eiffel 65,NOT_FOUND
No More,Ruff Endz,2WfhlEjoUII31H6imnQdvF
Number 1,Tinchy Stryder,NOT_FOUND
Only U - No Intro,Ashanti,3sckKKIx96cjPXtiqPHCTB
Outta My System (feat. T-Pain & Johntá Austin),Bow Wow,NOT_FOUND
Propane Nightmares,Pendulum,6tC2iHfUlzB2W4ntXXL2BH
Put That Woman First,Jaheim,3OQu3z3okKVmWxSXTTHak5
Put Your Hands Up For Detroit - Radio Edit,Fedde Le Grand,NOT_FOUND
Say It,Flume,NOT_FOUND
Shake Ya Ass,Mystikal,1jRzdY7oUBOhrylNtiMtBD
Shine,Years & Years,7GkCm4wRDhB0WhyOovlLfm
Sick and Tired,Anastacia,NOT_FOUND
Strike a Pose (feat. Aitch),Young T & Bugsey,NOT_FOUND
Suffocate - Superclean,J. Holiday,3nJjIYchBNkYm7B8XfJf5N
Sweetest Girl (Dollar Bill) (feat. Akon & Lil' Wayne & Niia),Wyclef Jean,NOT_FOUND
Talk Dirty (feat. 2 Chainz),Jason Derulo,NOT_FOUND
Tears (feat. Louisa Johnson),Clean Bandit,NOT_FOUND
The Way I Live - Main Explicit,Baby Boy Da Prince,NOT_FOUND
Throw It In The Bag,Fabolous,NOT_FOUND
Throw Some D's,Rich Boy,NOT_FOUND
Tipsy - Club Mix,J-Kwon,0jSMveIWvnhDIvzqN74Uc7
Touch It,Busta Rhymes,3HVJbdz0V402U5YggQK4Ao
Until The End Of Time,2Pac,NOT_FOUND
Wait (The Whisper Song),Ying Yang Twins,5Y78yINSOCW6xbOfGWNBg4
Wearing My Rolex - Radio Edit,Wiley,5Mx0PoUeNvCTKOl038dWNS
When You Look At Me - Radio Edit,Christina Milian,NOT_FOUND
Where I Wanna Be,Donell Jones,2uZwyxrg6VPvlVsvclIfel
Wifey,Next,3NEzjZbeSCy72Kx1clSYgC
With Arms Wide Open,Creed,0eKyHwckh9vQb8ncZ2DXCs
AM To PM,Christina Milian,1PUNthIXityeZlnRLcP7JI
Ayo Technology,Milow,NOT_FOUND
Bailando - English Version,Enrique Iglesias,6BcMcVax12vNuOqnPOayZ1
Be Faithful,Fatman Scoop,NOT_FOUND
Beat Again - Radio Edit,JLS,NOT_FOUND
Black & Gold - Radio Edit,Sam Sparro,NOT_FOUND
Blurred Lines,Robin Thicke,0n4bITAu0Y0nigrz3MFJMb
Chain Hang Low,Jibbs,0tYPj0NYa7vjlJaqlRSnJb
Ciao Adios,Anne-Marie,01BC4Xj5tfsfV8DLDrma7q
Club Can't Handle Me (feat. David Guetta) - From the Step Up 3D Soundtrack,Flo Rida,0xcl9XT60Siji6CSG4y6nb
Damaged,Danity Kane,4yHFxB8kzzeuNvoouR8N0N
Girl From Rio,Anitta,NOT_FOUND
Green Light (feat. André 3000),John Legend,NOT_FOUND
Hot Right Now (feat. RITA ORA) - Radio Edit,DJ Fresh,2SSYLcSiT7oImgsS8cPyQu
I Don't Want to Be,Gavin DeGraw,4vl2zwXsTmAxgu9iY0g6UK
Knock You Down,Keri Hilson,NOT_FOUND
Like You'll Never See Me Again,Alicia Keys,3JHDtmFdX9kdx9wz0md98U
Love at First Sight,Kylie Minogue,6ua8mbyHXTHpAmGyGpFAS2
LoveStoned / I Think She Knows (Interlude),Justin Timberlake,5iyE2d4U3Vc5cqY9mPTlpy
Million Voices - Radio Edit,Otto Knows,0MOiv7WTXCqvm89lVCf9C8
Mungkin Hari Ini Esok Atau Nanti,Anneth,NOT_FOUND
No More Drama,Mary J. Blige,7nWsh14AHpnTzq1Xejz90U
NUMB,Hayden James,NOT_FOUND
Objection (Tango),Shakira,36YNa8joLwu9yor2TkZbIY
Once In a While,Timeflies,6cREm4bV7V79Yxdilx9HDo
One Minute Man (feat. Ludacris),Missy Elliott,NOT_FOUND
Pass The Courvoisier Part II (feat. P. Diddy & Pharrell) - Remix,Busta Rhymes,NOT_FOUND
Play,Jennifer Lopez,7fFCnttacpotkyhTOxKv14
Rapture (feat.Nadia Ali),iio,0OSAJEA0ekX6pr2nuiPzX7
Read Your Mind,Avant,6cR1U61DMpYbS2TtNTlSvo
Silhouettes - Original Radio Edit,Avicii,06h3McKzmxS8Bx58USHiMq
Sound Of The Underground,Girls Aloud,NOT_FOUND
Spinning Around,Kylie Minogue,0JcgDliDqDac8iOFFRm7tZ
Star Girl,McFly,NOT_FOUND
Starry Eyed,Ellie Goulding,1vWGa8yC21ZELs9dAhiC2Q
Stutter (feat. Mystikal) - Double Take Remix,Joe,NOT_FOUND
Take Over Control (feat. Eva Simons) - Radio Edit,AFROJACK,NOT_FOUND
Take Your Mama,Scissor Sisters,0LAfANg75hYiV1IAEP3vY6
The Girl Is Mine,99 Souls,NOT_FOUND
Too Lost In You,Sugababes,NOT_FOUND
Ass Like That,Eminem,4gXdMZkBN1neE9nX6yRALa
Clumsy,Fergie,50xeLNGKmskmYUSINhqvfa
Commander,Kelly Rowland,NOT_FOUND
Damn! (feat. Lil' Jon) - Club Mix,Youngbloodz,NOT_FOUND
Day 'N' Nite,Kid Cudi,NOT_FOUND
Do You Know? (The Ping Pong Song),Enrique Iglesias,0JfAMd3xTqm7ZYhBmQjYzt
Do You Really Like It? - Radio Edit,DJ Pied Piper & The Masters Of Ceremonies,NOT_FOUND
Freestyler,Bomfunk MC's,NOT_FOUND
Girl,Destiny's Child,NOT_FOUND
Hello,Martin Solveig,NOT_FOUND
Hey Porsche,Nelly,NOT_FOUND
High ft. Nicole Millar,Peking Duk,NOT_FOUND
Hole In The Head,Sugababes,NOT_FOUND
I Wish,Carl Thomas,3lqT89gv8p3PYwXtr3ODjv
Let's Get Married,Jagged Edge,1PmHkalaUHhh0fz23SBHDL
Little by Little,Oasis,45AQ5zbSJ0j1nM9daSWeq8
Most Girls,P!nk,635PqgECfFbL0MNLogX7Yv
No More (Baby I'ma Do Right),3LW,5zn1hpm9N0ylKB7kOtpCw2
Not a Bad Thing,Justin Timberlake,3nB82yGjtbQFSU0JLAwLRH
Nothin',N.O.R.E.,5ZKVNTG7yu7gbX4vryqS2X
Options,NSG,2cytBOLpwFRX7J9URCrFIe
Point of View - Radio Edit,DB Boulevard,NOT_FOUND
Separated,Avant,5S0cvScXb33JVpjTiY9Ivi
She Wants To Move,N.E.R.D,4Vqd7MuPVrciqRS3EzhKWb
Soul Survivor,Jeezy,NOT_FOUND
The Time Is Now,Moloko,6h9AH81lpDbjcsBz2ClqAE
What'chu Like (feat. Tyrese),Da Brat,NOT_FOUND
What's It Gonna Be (feat. Platnum),"H ""two"" O",NOT_FOUND
Beautiful People,Chris Brown,NOT_FOUND
Best I Ever Had,Drake,3QLjDkgLh9AOEHlhQtDuhs
Bromance - Avicii's Radio Edit,Tim Berg,NOT_FOUND
Chariot,Gavin DeGraw,4dygMGhvfENVhwRXmAscbl
Cookie Jar (feat. The-Dream),Gym Class Heroes,NOT_FOUND
Don't Think I'm Not,Kandi,487Dyzs7Xbbk4hIWYyYT80
Grillz,Nelly,NOT_FOUND
He Can't Love U,Jagged Edge,3VEZvzr84WVnoorZ4tlBSw
Heart Attack,Trey Songz,25CA8QVJQrh5R05UUCaODM
I Love You,Faith Evans,6gsmFgUiSTuinJlScwFODv
I'm Gonna Be Alright (feat. Nas),Jennifer Lopez,NOT_FOUND
Juicy,Doja Cat,4cTm3Ev9bUvy4ChJjB1nhl
Love You Like A Love Song,Selena Gomez & The Scene,0laYHRpNTS6i8FXdupHkJ4
Miami 2 Ibiza - Swedish House Mafia vs. Tinie Tempah,Swedish House Mafia,7gWSWDBriMK7YKefAe4NMP
Miss You (with Major Lazer & Tory Lanez),Cashmere Cat,NOT_FOUND
Pop Lock & Drop It - Video Edit,Huey,NOT_FOUND
Romeo,Basement Jaxx,2GRmo9dlcUUDPfhbQmeE2Q
Say Aah (feat. Fabolous),Trey Songz,NOT_FOUND
Sunshine (feat. Anthony Hamilton),Twista,NOT_FOUND
We Come 1 - Radio Edit,Faithless,7reoZz80hQYuWtEn0Lsd0p
A Woman's Worth,Alicia Keys,1NRorokmYEtr1koWybvaE4
All I Do Is Win (feat. T-Pain & Ludacris & Snoop Dogg & Rick Ross),DJ Khaled,NOT_FOUND
Chameleon,PNAU,NOT_FOUND
Cold as Ice,M.O.P.,493CPxYEHHzXeSdnp8Ul73
Collide,Howie Day,6dwkFmLUz6hx2CZG2EqLol
Dip It Low,Christina Milian,4L55p6txv9vuCWhpNnY6eY
Dirt Off Your Shoulder,JAY-Z,3IrkbGQCoEPAkzJ0Tkv8nm
Gold,Kiiara,6ZSO7kPn8IMJFymyticbJO
History,Olivia Holt,3QmOiZF7IzJJkHnahh5Ea0
If It Ain't Love,Jason Derulo,5YHR8wBR5jXfGtP766NiAT
Leave Right Now,Will Young,NOT_FOUND
Louder (feat. Sian Evans) - Radio Edit,DJ Fresh,4TBK6E1ERSKdIvD1jF4lt5
Love Me Now,John Legend,6nxQdXa1uAL0rY72wPZu89
MALAMENTE - Cap.1: Augurio,ROSALÍA,NOT_FOUND
Move Bitch,Ludacris,NOT_FOUND
One Call Away,Charlie Puth,7soJgKhQTO8hLP2JPRkL5O
Pass Out,Tinie Tempah,4Q4K8fikwOmZYmz82Wco4w
Post to Be (feat. Chris Brown & Jhene Aiko),Omarion,NOT_FOUND
Proper Education - Radio Edit,Eric Prydz,06Vw2ZOhalTwEw4PhoGRSX
Shake Ya Tailfeather (feat. P. Diddy & Murphy Lee) - 2016 Remaster,Nelly,NOT_FOUND
Soak Up The Sun,Sheryl Crow,215JYyyUnrJ98NK3KEwu6d
Some Cut,Trillville,3VXDc9f8J96uBnAAeFrrmw
Southern Hospitality (Featuring Pharrell),Ludacris,NOT_FOUND
We Fly High,Jim Jones,3RGyFugqjQjlL8XX0NW8dZ
What Would You Do?,City High,1tJkic0TURTCXw3rBhYgWu
Work,Iggy Azalea,3yx6eryOZgO54bt3B671cn
1 2 Step (feat. Missy Elliott) - Main,Ciara,NOT_FOUND
Bed Of Lies,Nicki Minaj,NOT_FOUND
Don't Give Up,Chicane,0zjORbo98bRxMmyS3wzeKW
Dry Your Eyes,The Streets,NOT_FOUND
Full Moon,Brandy,0pLmfgIANOX9FB9uZDU43x
Heroes (we could be),Alesso,5H0xR4dppOkdPqAQXd78CF
I Will Wait,Mumford & Sons,0hm8rgOY17z7kQJlqGKbu7
Karma,Alicia Keys,588RGyR1f4Plc8nm7SrdCa
Luv U Better,LL COOL J,0HJYzGavqzjiKMmm4F0UZv
Perfect Gentleman (feat. Hope),Wyclef Jean,NOT_FOUND
Play,David Banner,5CWyE2OcZI1HVnHBh4RrKF
Push The Button,Sugababes,2nCmCt4B5vkabS0zeOuc1Z
Ride Wit Me,Nelly,NOT_FOUND
Signs,Snoop Dogg,NOT_FOUND
Starving,Hailee Steinfeld,NOT_FOUND
Starz In Their Eyes,Just Jack,0td1GfBHNxlGephozVmL9k
The Fear,Lily Allen,7bW6MqAdTclmHVHAOkIyPS
The Mother We Share,CHVRCHES,2pE0CMK1fE3mfU0eEOHhKw
The Whole World (feat. Killer Mike),Outkast,NOT_FOUND
Trumpets,Jason Derulo,5KONnBIQ9LqCxyeSPin26k
Who Says,Selena Gomez & The Scene,3TcL0dyCMyr0kyTTc4NLgI
1 Thing,Amerie,1mnqraQ8oV8MX92rdOFLWW
Bad Vibe,M.O,NOT_FOUND
Break Up,Mario,4UP5HP7IAnNdxD01g1lzQp
Come to Me (feat. Nicole Scherzinger),Diddy,NOT_FOUND
Cooler Than Me - Single Mix,Mike Posner,2V4bv1fNWfTcyRJKmej6Sj
I'm In Control,AlunaGeorge,NOT_FOUND
Love Generation - Radio Edit,Bob Sinclar,7M13FwBAKWNa2jqcZeUhL6
Lovers on the Sun (feat. Sam Martin),David Guetta,2rgtCOVK2tpfao2VjURn84
The Jump Off (feat. Mr. Cheeks) - Remix,Lil' Kim,NOT_FOUND
White Flag,Dido,3adnLFXKO5rC1lhUNSeg3N
Wonderful World,James Morrison,7EfHlhxyYJ5pfh0H34j7oe
21 Seconds,So Solid Crew,NOT_FOUND
4 My People (feat. Eve),Missy Elliott,NOT_FOUND
Boom Boom Pow,Black Eyed Peas,7xRNsqOQOgWbHV1nbXnfXN
Hot Boyz,Missy Elliott,7mYvtEeBdMqRSyj1Qpv6my
L.I.F.E.G.O.E.S.O.N.,Noah And The Whale,6y468DyY1V67RBNCwzrMrC
Mama,Jonas Blue,7jEyX4bqaCSdMN4D4JNnVj
Rain On Me,Ashanti,1YZBMqN8kHaaRPXpQTC3kb
Runaway Love,Ludacris,NOT_FOUND
Show Me Love,Jenil,NOT_FOUND
Stole,Kelly Rowland,4CTX9iU2a0Q9vM2T4YMUQL
The Other Side,Jason Derulo,5FljCWR0cys07PQ9277GTz
About You Now,Sugababes,NOT_FOUND
Close,Nick Jonas,NOT_FOUND
Fresh Eyes,Andy Grammer,5NDUXbMwcnTQp66tI2zcdR
Girlfriend,*NSYNC,6u5flhVFxKZrl9AApvf2SL
Hands on the Wheel,Karley Scott Collins,NOT_FOUND
Livin' It Up,Ja Rule,NOT_FOUND
Papercuts (feat. Vera Blue),Illy,NOT_FOUND
Tired Of Being Sorry,Enrique Iglesias,NOT_FOUND
Walk It Out,Unk,6PBAPjshd2JfEiWpdf3C2a
★,David Bowie,NOT_FOUND
Barbra Streisand - Radio Edit,Duck Sauce,NOT_FOUND
Big Yellow Taxi,Counting Crows,4YZg4UXqhMoUM40aPNIX1v
Bossy,Kelis,NOT_FOUND
Champion (feat. Chris Brown),Chip,NOT_FOUND
Doesn't Really Matter,Janet Jackson,0ekdT3jOhn3LinWtqHhmsw
Faded,Tyga,NOT_FOUND
Get Low,Lil Jon & The East Side Boyz,NOT_FOUND
Like Toy Soldiers,Eminem,6CN3e26iQSj1N5lomh0mfO
Love,Musiq Soulchild,6uSa5iCMwPr10Ftpz8w09b
Magic Stick,Lil' Kim,NOT_FOUND
No Tomorrow,Orson,NOT_FOUND
Someone To Call My Lover,Janet Jackson,43zr9kKkeiQrshvYuvNtfM
This Ain't a Love Song,Scouting For Girls,NOT_FOUND
Tubthumping,Chumbawamba,5YScXJKtefsgdskIy60N7A
Tunnel Vision,Kodak Black,4Q3N4Ct4zCuIHuZ65E3BD4
Up Till Dawn (On The Move),Lucas & Steve,NOT_FOUND
Wings,Birdy,1D4XFKolp63mNqqMXJJL1V
Without You (feat. Usher) - Radio Edit,David Guetta,NOT_FOUND
All I Want - Sunship Radio Edit,Mis-Teeq,NOT_FOUND
Angel,Amanda Perez,7DSfv2r0Km90N97qlRTxou
Another Day in Paradise - R&B-Version,Brandy,NOT_FOUND
Buzzin Remix,Mann,NOT_FOUND
Eyes On You - Radio Mix,Jay Sean,NOT_FOUND
Good Luck,Basement Jaxx,NOT_FOUND
Gotta Get Thru This - D'N'D Radio Edit,Daniel Bedingfield,NOT_FOUND
Higher,Taio Cruz,4PYTMO1VMWLPVvGUtqkUwv
I Like It,Sammie,NOT_FOUND
Intoxicated - New Radio Mix,Martin Solveig,NOT_FOUND
Let's Get It Started - Spike Mix,Black Eyed Peas,3qK8x4GZcIkzTz9JEqvIF5
Loca People - Radio Edit,Sak Noel,NOT_FOUND
Splash Waterfalls,Ludacris,2T8hXV9LUZMDBKR5RALGEa
Stranger in My House,Tamia,08GOEVXupC6ECbulhPGQKm
Sweet Dreams,Beyoncé,1FKxKGONukVFXWVJxAKmlz
Uh Huh,B2K,2nBY2iQvxOIXrdlJvg7ZPo
Bonkers,Dizzee Rascal,NOT_FOUND
Down 4 U,Charli Baltimore,NOT_FOUND
Flowers - Sunship Edit,Sweet Female Attitude,2Np6ZbVFXfhlk3Oin6i92t
Gone,*NSYNC,4CCUjYJPbSXLL23BFeBVbI
1950,King Princess,0CZ8lquoTX2Dkg7Ak2inwA
If There's Any Justice,Lemar,NOT_FOUND
Nu Flow,Big Brovaz,NOT_FOUND
Riverside,Sidney Samson,NOT_FOUND
Thunder in My Heart Again (Radio Edit),Meck,NOT_FOUND
All Night (feat. Ally Brooke),AFROJACK,0poEFjyV2iHKtxjdWFwjmS
Bad (feat. Vassy) - Radio Edit,David Guetta,NOT_FOUND
Catch & Release - Deepend Remix Extended Version,Matt Simons,NOT_FOUND
My Love Is Like...Wo,Mýa,NOT_FOUND
Sweet Lovin' - Radio Edit,Sigala,NOT_FOUND
Whistle,Hoodie Forester,NOT_FOUND
Can't Believe It (feat. Lil' Wayne),T-Pain,NOT_FOUND
Check On It (feat. Slim Thug),Beyoncé,NOT_FOUND
COLD WAR,NSB,NOT_FOUND
Heartbreaker,will.i.am,NOT_FOUND
One,Swedish House Mafia,NOT_FOUND
What About Us?,Brandy,537F8BYzIMOZBl75qwCXy8
Gotta Tell You,Samantha Mumba,7ccz9p1ErD6Kq5ZSQmyvLm
Kill Me Quick,André Aires,NOT_FOUND
No Air (feat. Chris Brown),Jordin Sparks,NOT_FOUND
Slow Motion,Trey Songz,4NYwy0R3NdvORX2B6OZXBT
Be Here,Sweet Imperfections,NOT_FOUND
Just A Little,Liberty X,NOT_FOUND
Where'd You Go (feat. Holly Brook & Jonah Matranga),Fort Minor,NOT_FOUND
Control Myself,LL COOL J,NOT_FOUND
Sweet Disposition,The Temper Trap,5RoIXwyTCdyUjpMMkk4uPd
Turnin Me On - Original Dirty,Keri Hilson,NOT_FOUND
With Every Heartbeat,Robyn,NOT_FOUND
Another Chance,Roger Sanchez,2zJ5nuyOQi4jBvToG3HHys
Give It Right Back,Danyka,NOT_FOUND
Loverboy,Mariah Carey,NOT_FOUND
Scar,Missy Higgins,NOT_FOUND
Cape Cabo,Player1,NOT_FOUND
Get It Poppin' (feat. Nelly) - Radio Version,Fat Joe,NOT_FOUND
Parent Trap (feat. Justin Timberlake),Jack Harlow,NOT_FOUND
Crazy,K-Ci & JoJo,3PJivN5BZ2ckFa22igIu4a
Gangnam Style / 2 Legit 2 Quit Mashup,PSY,NOT_FOUND
My Tribe,Blessing Offor,NOT_FOUND
Read All About It,Professor Green,NOT_FOUND
Caramel,City High,NOT_FOUND
If I Could Go! (feat. Lil' Mo & Sacario),Angie Martinez,NOT_FOUND
It's Not Me It's You,Emily Hearn,NOT_FOUND
Up The Score,Trill Ryan,NOT_FOUND
Wasting My Time,Default,5dpAN1mjFPL38kh9kWsCiw
Everybody in Love,JLS,NOT_FOUND
If Momma Only Knew,Leah Justine,NOT_FOUND
King,Years & Years,5Z3zRrMIJk7CVpfcLsM9wD
Lips Of An Angel,Hinder,40LQiUUUKXVGyNs09lHVjW
Anti-Social,Kameechi,NOT_FOUND
Fake It,Seether,4eAwB5pnKFTmsgc3zWoYO0
Personal,Maeesha b,NOT_FOUND
Under the Bridge,Project North,NOT_FOUND
Bounce With Me (feat. Xscape) - Edited Album Version,Bow Wow,NOT_FOUND
Switch,Will Smith,2bmxx16hNi3W5FGzfFO9xX
Immortal love,London,NOT_FOUND
Like You Mean It,No Work On Monday,NOT_FOUND
Animal,Dom Devino,NOT_FOUND
Fly with Me,DaFOO,NOT_FOUND
Undisputed,Maithili Raelle,NOT_FOUND
The Selfish Gene,Marlon Percy,NOT_FOUND
Gravity,Molly Warburton,NOT_FOUND
Love Don't Let Me Go,David Guetta,5lgS45xqkTk2HVm7Jph9ya
I thought you were different,Hunter Mouallem,NOT_FOUND
Rainy Dayz,Mary J. Blige,NOT_FOUND
What if,Lukx,NOT_FOUND
Funky Man,Charlie Mat,NOT_FOUND
One More Hero,Ekat Bork,NOT_FOUND
TRAFFIC,Marcello Spooks,NOT_FOUND
Save Your Heart First,KTEE,NOT_FOUND
Emotions,Mila Nabours,NOT_FOUND
Fall,Havens,NOT_FOUND
Lost Souls,KJ Hand,NOT_FOUND
Up to Something,Preston TO,NOT_FOUND
NOT AFRAID,Kodiro,NOT_FOUND
Pop Ya Collar - Radio Edit,Usher,NOT_FOUND
Lead You Afar,Jordan Cabo Smith,NOT_FOUND
Katara,Thimo Konings,NOT_FOUND
Como Saber,Marta Delas,NOT_FOUND
Southbound,Beach Blvd,NOT_FOUND
Dance with Somebody - Radio Version,Mando Diao,NOT_FOUND
Flow,Desire Machines,NOT_FOUND
Scared of the Dark,Everything Brighter,NOT_FOUND
Sorry,LEADR,NOT_FOUND